"Date","Price","Open","High","Low","Vol.","Change %"
"05/16/2025","13,050.0","13,150.0","13,400.0","13,050.0","67.96M","-0.38%"
"05/15/2025","13,100.0","12,950.0","13,150.0","12,700.0","47.92M","1.95%"
"05/14/2025","12,850.0","12,850.0","13,100.0","12,700.0","37.21M","0.00%"
"05/13/2025","12,850.0","12,900.0","13,250.0","12,700.0","60.47M","1.98%"
"05/12/2025","12,600.0","12,550.0","12,650.0","12,400.0","29.47M","1.20%"
"05/09/2025","12,450.0","12,500.0","12,800.0","12,400.0","38.83M","0.40%"
"05/08/2025","12,400.0","12,250.0","12,500.0","12,200.0","25.76M","2.06%"
"05/07/2025","12,150.0","12,250.0","12,400.0","12,100.0","27.04M","-1.22%"
"05/06/2025","12,300.0","12,550.0","12,650.0","12,250.0","30.96M","-1.20%"
"05/05/2025","12,450.0","12,100.0","12,600.0","12,050.0","33.79M","4.18%"
"04/29/2025","11,950.0","12,050.0","12,150.0","11,950.0","17.99M","-0.83%"
"04/28/2025","12,050.0","12,150.0","12,200.0","11,950.0","18.91M","0.42%"
"04/25/2025","12,000.0","12,250.0","12,250.0","11,900.0","24.85M","-0.83%"
"04/24/2025","12,100.0","12,400.0","12,400.0","11,850.0","42.19M","-1.22%"
"04/23/2025","12,250.0","12,650.0","12,700.0","12,250.0","23.70M","0.41%"
"04/22/2025","12,200.0","12,250.0","12,550.0","11,650.0","109.29M","-2.40%"
"04/21/2025","12,500.0","12,950.0","13,050.0","12,300.0","42.55M","-1.57%"
"04/18/2025","12,700.0","12,750.0","13,200.0","12,600.0","90.24M","1.20%"
"04/17/2025","12,550.0","12,300.0","12,800.0","12,300.0","37.15M","0.80%"
"04/16/2025","12,450.0","12,750.0","12,850.0","12,350.0","30.52M","-1.19%"
"04/15/2025","12,600.0","12,700.0","13,100.0","12,250.0","51.45M","-0.79%"
"04/14/2025","12,700.0","12,050.0","12,700.0","11,900.0","61.25M","6.72%"
"04/11/2025","11,900.0","11,700.0","11,900.0","11,300.0","72.00M","6.73%"
"04/10/2025","11,150.0","11,150.0","11,150.0","11,150.0","1.23M","6.70%"
"04/09/2025","10,450.0","10,450.0","11,050.0","10,450.0","92.92M","-6.70%"
"04/08/2025","11,200.0","11,600.0","11,800.0","11,200.0","21.59M","-6.67%"
"04/04/2025","12,000.0","11,250.0","12,000.0","11,250.0","77.55M","-0.41%"
"04/03/2025","12,050.0","12,450.0","12,600.0","12,050.0","71.17M","-6.95%"
"04/02/2025","12,950.0","12,600.0","13,100.0","12,500.0","62.09M","3.60%"
"04/01/2025","12,500.0","12,350.0","12,600.0","12,300.0","20.16M","2.04%"
"03/31/2025","12,250.0","12,450.0","12,500.0","12,250.0","27.40M","-2.39%"
"03/28/2025","12,550.0","12,550.0","12,700.0","12,400.0","34.01M","0.00%"
"03/27/2025","12,550.0","12,700.0","12,750.0","12,550.0","25.07M","-0.40%"
"03/26/2025","12,600.0","12,450.0","12,800.0","12,400.0","53.34M","1.20%"
"03/25/2025","12,450.0","12,450.0","12,850.0","12,300.0","58.78M","0.81%"
"03/24/2025","12,350.0","12,250.0","12,350.0","12,100.0","25.08M","0.82%"
"03/21/2025","12,250.0","12,200.0","12,450.0","12,200.0","28.56M","-0.41%"
"03/20/2025","12,300.0","12,150.0","12,400.0","12,050.0","24.82M","1.65%"
"03/19/2025","12,100.0","12,150.0","12,200.0","11,900.0","25.78M","-0.82%"
"03/18/2025","12,200.0","12,450.0","12,500.0","12,100.0","32.91M","-0.81%"
"03/17/2025","12,300.0","12,300.0","12,450.0","12,250.0","22.90M","0.00%"
"03/14/2025","12,300.0","12,100.0","12,400.0","12,050.0","33.57M","0.82%"
"03/13/2025","12,200.0","12,400.0","12,500.0","12,100.0","41.31M","-2.01%"
"03/12/2025","12,450.0","12,000.0","12,500.0","12,000.0","87.93M","4.18%"
"03/11/2025","11,950.0","11,700.0","12,050.0","11,550.0","46.00M","0.42%"
"03/10/2025","11,900.0","11,900.0","12,150.0","11,850.0","39.65M","0.42%"
"03/07/2025","11,850.0","12,000.0","12,150.0","11,800.0","40.17M","0.00%"
"03/06/2025","11,850.0","11,250.0","11,850.0","11,200.0","113.12M","6.76%"
"03/05/2025","11,100.0","11,500.0","11,700.0","11,100.0","59.87M","-3.48%"
"03/04/2025","11,500.0","11,700.0","11,850.0","11,000.0","96.30M","-2.54%"
"03/03/2025","11,800.0","11,450.0","12,000.0","11,300.0","65.46M","3.06%"
"02/28/2025","11,450.0","11,500.0","11,700.0","11,350.0","35.63M","-0.43%"
"02/27/2025","11,500.0","11,500.0","11,600.0","11,200.0","39.57M","0.44%"
"02/26/2025","11,450.0","11,500.0","11,700.0","11,400.0","36.95M","0.00%"
"02/25/2025","11,450.0","11,550.0","11,700.0","11,400.0","51.60M","-0.43%"
"02/24/2025","11,500.0","11,250.0","11,550.0","11,150.0","42.26M","1.77%"
"02/21/2025","11,300.0","11,200.0","11,300.0","11,100.0","29.39M","0.44%"
"02/20/2025","11,250.0","11,250.0","11,450.0","11,100.0","49.08M","0.45%"
"02/19/2025","11,200.0","11,050.0","11,200.0","10,950.0","49.09M","2.28%"
"02/18/2025","10,950.0","10,850.0","11,150.0","10,700.0","42.35M","1.86%"
"02/17/2025","10,750.0","10,200.0","10,850.0","10,150.0","87.80M","5.91%"
"02/14/2025","10,150.0","10,100.0","10,300.0","10,100.0","25.23M","1.00%"
"02/13/2025","10,050.0","9,980.0","10,200.0","9,960.0","17.35M","0.70%"
"02/12/2025","9,980.0","9,940.0","10,150.0","9,940.0","15.57M","0.40%"
"02/11/2025","9,940.0","9,960.0","10,000.0","9,940.0","8.59M","-0.20%"
"02/10/2025","9,960.0","10,050.0","10,100.0","9,940.0","20.73M","-1.39%"
"02/07/2025","10,100.0","10,150.0","10,150.0","10,000.0","10.82M","0.50%"
"02/06/2025","10,050.0","10,100.0","10,300.0","10,000.0","23.32M","0.60%"
"02/05/2025","9,990.0","10,200.0","10,200.0","9,970.0","18.89M","-1.58%"
"02/04/2025","10,150.0","9,870.0","10,150.0","9,870.0","24.07M","3.15%"
"02/03/2025","9,840.0","9,600.0","10,000.0","9,600.0","11.03M","-0.51%"
"01/24/2025","9,890.0","9,600.0","10,000.0","9,600.0","23.38M","3.24%"
"01/23/2025","9,580.0","9,450.0","9,650.0","9,430.0","13.94M","1.59%"
"01/22/2025","9,430.0","9,590.0","9,670.0","9,430.0","9.68M","-1.57%"
"01/21/2025","9,580.0","9,530.0","9,650.0","9,510.0","11.19M","0.52%"
"01/20/2025","9,530.0","9,470.0","9,600.0","9,410.0","14.10M","0.63%"
"01/17/2025","9,470.0","9,480.0","9,540.0","9,420.0","8.46M","0.53%"
"01/16/2025","9,420.0","9,330.0","9,800.0","9,330.0","14.60M","1.84%"
"01/15/2025","9,250.0","9,040.0","9,290.0","9,040.0","11.08M","2.32%"
"01/14/2025","9,040.0","9,120.0","9,240.0","9,040.0","10.71M","-0.88%"
"01/13/2025","9,120.0","9,150.0","9,240.0","9,030.0","17.49M","-0.87%"
"01/10/2025","9,200.0","9,560.0","9,590.0","9,200.0","20.38M","-3.77%"
"01/09/2025","9,560.0","9,610.0","9,680.0","9,560.0","5.55M","-0.83%"
"01/08/2025","9,640.0","9,500.0","9,690.0","9,500.0","7.52M","1.47%"
"01/07/2025","9,500.0","9,650.0","9,730.0","9,460.0","12.11M","-1.04%"
"01/06/2025","9,600.0","9,860.0","9,890.0","9,540.0","14.30M","-2.64%"
"01/03/2025","9,860.0","9,950.0","10,000.0","9,860.0","10.94M","-0.80%"
"01/02/2025","9,940.0","9,840.0","10,100.0","9,840.0","8.59M","0.91%"
"12/31/2024","9,850.0","10,000.0","10,050.0","9,850.0","14.71M","-1.50%"
"12/30/2024","10,000.0","10,150.0","10,200.0","9,990.0","12.06M","-1.48%"
"12/27/2024","10,150.0","10,150.0","10,250.0","10,100.0","9.09M","0.00%"
"12/26/2024","10,150.0","10,250.0","10,300.0","10,150.0","7.50M","-0.98%"
"12/25/2024","10,250.0","10,100.0","10,400.0","10,100.0","14.04M","1.49%"
"12/24/2024","10,100.0","10,200.0","10,250.0","10,050.0","10.97M","-0.98%"
"12/23/2024","10,200.0","10,300.0","10,350.0","10,200.0","10.01M","-0.97%"
"12/20/2024","10,300.0","10,250.0","10,300.0","10,100.0","28.83M","0.98%"
"12/19/2024","10,200.0","10,250.0","10,300.0","10,100.0","19.96M","-1.45%"
"12/18/2024","10,350.0","10,300.0","10,450.0","10,250.0","13.45M","0.49%"
"12/17/2024","10,300.0","10,400.0","10,400.0","10,300.0","13.21M","-0.48%"
"12/16/2024","10,350.0","10,050.0","10,400.0","10,050.0","23.36M","2.99%"
"12/13/2024","10,050.0","10,100.0","10,200.0","10,050.0","8.83M","-0.99%"
"12/12/2024","10,150.0","10,150.0","10,250.0","10,100.0","8.53M","0.00%"
"12/11/2024","10,150.0","10,250.0","10,300.0","10,100.0","12.13M","-0.49%"
"12/10/2024","10,200.0","10,200.0","10,350.0","10,200.0","12.19M","-0.49%"
"12/09/2024","10,250.0","10,250.0","10,400.0","10,200.0","16.02M","0.49%"
"12/06/2024","10,200.0","10,400.0","10,500.0","10,200.0","24.87M","-1.45%"
"12/05/2024","10,350.0","9,750.0","10,350.0","9,610.0","36.63M","6.59%"
"12/04/2024","9,710.0","9,880.0","9,930.0","9,710.0","15.77M","-1.72%"
"12/03/2024","9,880.0","10,000.0","10,100.0","9,880.0","20.59M","-1.69%"
"12/02/2024","10,050.0","10,150.0","10,200.0","10,000.0","8.43M","0.00%"
"11/29/2024","10,050.0","10,000.0","10,200.0","9,980.0","15.92M","0.50%"
"11/28/2024","10,000.0","10,150.0","10,200.0","10,000.0","11.56M","-0.50%"
"11/27/2024","10,050.0","10,150.0","10,200.0","10,000.0","8.48M","-0.50%"
"11/26/2024","10,100.0","9,830.0","10,250.0","9,830.0","24.99M","2.75%"
"11/25/2024","9,830.0","9,720.0","9,890.0","9,720.0","13.24M","1.13%"
"11/22/2024","9,720.0","9,860.0","9,880.0","9,720.0","13.56M","-1.52%"
"11/21/2024","9,870.0","9,700.0","9,880.0","9,680.0","12.21M","1.96%"
"11/20/2024","9,680.0","9,580.0","9,840.0","9,440.0","20.07M","1.04%"
"11/19/2024","9,580.0","9,900.0","9,970.0","9,580.0","14.86M","-3.23%"
"11/18/2024","9,900.0","9,650.0","10,100.0","9,650.0","24.07M","2.06%"
"11/15/2024","9,700.0","9,910.0","10,000.0","9,600.0","29.35M","-2.22%"
"11/14/2024","9,920.0","10,100.0","10,200.0","9,900.0","20.73M","-2.27%"
"11/13/2024","10,150.0","10,350.0","10,400.0","10,000.0","37.98M","-2.40%"
"11/12/2024","10,400.0","10,550.0","10,650.0","10,350.0","16.10M","-0.95%"
"11/11/2024","10,500.0","10,650.0","10,700.0","10,450.0","18.36M","-1.41%"
"11/08/2024","10,650.0","10,800.0","10,850.0","10,650.0","10.13M","-0.93%"
"11/07/2024","10,750.0","10,900.0","10,950.0","10,750.0","11.31M","-0.46%"
"11/06/2024","10,800.0","10,700.0","10,850.0","10,600.0","15.27M","1.89%"
"11/05/2024","10,600.0","10,750.0","10,850.0","10,600.0","9.90M","-1.40%"
"11/04/2024","10,750.0","10,850.0","10,850.0","10,500.0","25.14M","0.00%"
"11/01/2024","10,750.0","10,900.0","10,950.0","10,750.0","11.10M","-1.83%"
"10/31/2024","10,950.0","10,900.0","11,000.0","10,800.0","13.71M","0.92%"
"10/30/2024","10,850.0","11,000.0","11,050.0","10,800.0","14.32M","-1.36%"
"10/29/2024","11,000.0","11,000.0","11,150.0","10,950.0","14.65M","0.46%"
"10/28/2024","10,950.0","11,000.0","11,100.0","10,900.0","32.91M","-1.35%"
"10/25/2024","11,100.0","11,350.0","11,350.0","11,100.0","11.38M","-1.33%"
"10/24/2024","11,250.0","11,450.0","11,450.0","11,250.0","15.05M","-1.75%"
"10/23/2024","11,450.0","11,500.0","11,550.0","11,400.0","8.94M","-0.43%"
"10/22/2024","11,500.0","11,550.0","11,700.0","11,400.0","14.41M","-0.43%"
"10/21/2024","11,550.0","11,400.0","11,800.0","11,300.0","29.17M","1.32%"
"10/18/2024","11,400.0","11,600.0","11,600.0","11,400.0","8.81M","-0.44%"
"10/17/2024","11,450.0","11,350.0","11,450.0","11,150.0","16.47M","1.33%"
"10/16/2024","11,300.0","11,350.0","11,500.0","11,200.0","20.85M","0.00%"
"10/15/2024","11,300.0","11,500.0","11,600.0","11,300.0","19.08M","-1.74%"
"10/14/2024","11,500.0","11,950.0","12,050.0","11,400.0","47.40M","-3.36%"
"10/11/2024","11,900.0","11,850.0","11,900.0","11,800.0","12.86M","0.42%"
"10/10/2024","11,850.0","12,150.0","12,200.0","11,750.0","27.57M","-1.66%"
"10/09/2024","12,050.0","12,050.0","12,200.0","11,900.0","18.93M","0.42%"
"10/08/2024","12,000.0","11,850.0","12,150.0","11,700.0","27.95M","1.27%"
"10/07/2024","11,850.0","11,850.0","11,950.0","11,700.0","11.84M","0.42%"
"10/04/2024","11,800.0","11,850.0","11,950.0","11,750.0","14.10M","-0.42%"
"10/03/2024","11,850.0","12,300.0","12,350.0","11,700.0","36.11M","-2.87%"
"10/02/2024","12,200.0","12,300.0","12,400.0","12,150.0","21.61M","-1.21%"
"10/01/2024","12,350.0","12,100.0","12,650.0","12,000.0","50.10M","2.92%"
"09/30/2024","12,000.0","11,950.0","12,200.0","11,800.0","23.71M","0.84%"
"09/27/2024","11,900.0","12,000.0","12,150.0","11,850.0","23.21M","-0.42%"
"09/26/2024","11,950.0","12,050.0","12,100.0","11,900.0","19.67M","-0.42%"
"09/25/2024","12,000.0","11,450.0","12,000.0","11,450.0","39.87M","5.26%"
"09/24/2024","11,400.0","11,400.0","11,450.0","11,300.0","7.78M","0.44%"
"09/23/2024","11,350.0","11,400.0","11,450.0","11,300.0","9.29M","0.89%"
"09/20/2024","11,250.0","11,500.0","11,600.0","11,250.0","34.79M","-1.32%"
"09/19/2024","11,400.0","11,450.0","11,500.0","11,300.0","8.37M","0.44%"
"09/18/2024","11,350.0","11,350.0","11,600.0","11,300.0","15.52M","0.44%"
"09/17/2024","11,300.0","11,050.0","11,300.0","11,050.0","10.04M","2.26%"
"09/16/2024","11,050.0","11,400.0","11,400.0","11,050.0","12.15M","-2.21%"
"09/13/2024","11,300.0","11,400.0","11,500.0","11,250.0","11.84M","0.44%"
"09/12/2024","11,250.0","11,500.0","11,550.0","11,250.0","8.02M","-0.44%"
"09/11/2024","11,300.0","11,350.0","11,500.0","11,150.0","14.81M","-0.44%"
"09/10/2024","11,350.0","11,800.0","11,800.0","11,250.0","21.33M","-2.58%"
"09/09/2024","11,650.0","11,800.0","11,800.0","11,550.0","14.06M","-1.27%"
"09/06/2024","11,800.0","11,900.0","11,950.0","11,650.0","17.92M","-0.84%"
"09/05/2024","11,900.0","12,150.0","12,200.0","11,800.0","20.04M","-0.83%"
"09/04/2024","12,000.0","11,900.0","12,100.0","11,850.0","20.35M","-1.23%"
"08/30/2024","12,150.0","12,200.0","12,200.0","11,900.0","40.94M","0.00%"
"08/29/2024","12,150.0","12,100.0","12,350.0","11,900.0","54.52M","0.83%"
"08/28/2024","12,050.0","11,950.0","12,050.0","11,650.0","36.32M","1.26%"
"08/27/2024","11,900.0","12,100.0","12,150.0","11,800.0","26.44M","-2.06%"
"08/26/2024","12,150.0","12,300.0","12,400.0","12,050.0","31.27M","0.00%"
"08/23/2024","12,150.0","12,150.0","12,250.0","11,900.0","28.51M","0.00%"
"08/22/2024","12,150.0","12,250.0","12,250.0","12,050.0","18.60M","-0.82%"
"08/21/2024","12,250.0","12,100.0","12,250.0","11,950.0","22.60M","0.82%"
"08/20/2024","12,150.0","12,000.0","12,350.0","11,750.0","37.74M","1.25%"
"08/19/2024","12,000.0","12,200.0","12,250.0","11,850.0","25.14M","0.42%"
"08/16/2024","11,950.0","11,250.0","11,950.0","11,200.0","55.17M","6.70%"
"08/15/2024","11,200.0","11,150.0","11,200.0","10,900.0","15.15M","0.90%"
"08/14/2024","11,100.0","11,450.0","11,450.0","11,050.0","17.98M","-2.20%"
"08/13/2024","11,350.0","11,500.0","11,500.0","11,150.0","15.17M","-1.30%"
"08/12/2024","11,500.0","11,400.0","11,500.0","11,300.0","13.02M","1.32%"
"08/09/2024","11,350.0","11,300.0","11,450.0","11,150.0","21.62M","2.25%"
"08/08/2024","11,100.0","11,000.0","11,350.0","11,000.0","11.73M","-0.45%"
"08/07/2024","11,150.0","11,250.0","11,250.0","10,950.0","11.78M","0.00%"
"08/06/2024","11,150.0","11,150.0","11,250.0","10,850.0","15.20M","2.76%"
"08/05/2024","10,850.0","11,150.0","11,500.0","10,750.0","24.60M","-5.65%"
"08/02/2024","11,500.0","11,100.0","11,550.0","11,000.0","24.82M","3.14%"
"08/01/2024","11,150.0","11,550.0","11,550.0","10,900.0","32.79M","-0.89%"
"07/31/2024","11,250.0","11,250.0","11,250.0","11,100.0","28.66M","6.55%"
"07/30/2024","10,558.1","11,118.0","11,118.0","10,558.1","49.95M","-5.04%"
"07/29/2024","11,118.0","11,118.0","11,358.0","11,078.1","27.54M","0.72%"
"07/26/2024","11,038.1","11,358.0","11,358.0","10,918.1","25.30M","-1.78%"
"07/25/2024","11,238.0","11,598.0","11,598.0","11,198.0","11.49M","-3.10%"
"07/24/2024","11,598.0","10,838.1","11,638.0","10,838.1","23.28M","3.94%"
"07/23/2024","11,158.0","11,957.9","11,997.9","11,118.0","39.31M","-5.42%"
"07/22/2024","11,797.9","12,317.8","12,437.8","11,797.9","34.47M","-6.65%"
"07/19/2024","12,637.8","13,477.6","13,517.6","12,637.8","69.04M","-6.78%"
"07/18/2024","13,557.6","13,357.7","13,557.6","13,117.7","9.96M","2.11%"
"07/17/2024","13,277.7","13,677.6","13,757.6","13,157.7","17.51M","-1.77%"
"07/16/2024","13,517.6","13,557.6","13,757.6","13,477.6","10.62M","0.30%"
"07/15/2024","13,477.6","13,557.6","13,597.6","13,437.6","6.86M","0.00%"
"07/12/2024","13,477.6","13,797.6","13,837.6","13,477.6","11.83M","-2.04%"
"07/11/2024","13,757.6","13,717.6","13,837.6","13,637.6","12.05M","1.18%"
"07/10/2024","13,597.6","13,797.6","13,837.6","13,597.6","7.62M","-1.45%"
"07/09/2024","13,797.6","13,437.6","13,837.6","13,437.6","16.26M","2.68%"
"07/08/2024","13,437.6","13,557.6","13,637.6","13,397.6","8.05M","0.00%"
"07/05/2024","13,437.6","13,597.6","13,597.6","13,357.7","8.45M","-0.89%"
"07/04/2024","13,557.6","13,677.6","13,837.6","13,517.6","7.77M","-0.59%"
"07/03/2024","13,637.6","13,477.6","13,717.6","13,477.6","9.87M","1.19%"
"07/02/2024","13,477.6","13,357.7","13,477.6","13,317.7","6.83M","1.51%"
"07/01/2024","13,277.7","13,197.7","13,317.7","12,997.7","8.01M","1.22%"
"06/28/2024","13,117.7","13,437.6","13,517.6","12,957.7","19.00M","-2.38%"
"06/27/2024","13,437.6","13,437.6","13,557.6","13,317.7","8.94M","0.00%"
"06/26/2024","13,437.6","13,437.6","13,637.6","13,357.7","9.74M","0.00%"
"06/25/2024","13,437.6","13,437.6","13,557.6","13,317.7","13.51M","0.60%"
"06/24/2024","13,357.7","13,997.5","14,077.5","13,277.7","41.50M","-4.57%"
"06/21/2024","13,997.5","14,117.5","14,237.5","13,997.5","19.08M","-0.57%"
"06/20/2024","14,077.5","14,517.5","14,517.5","14,077.5","28.68M","-2.49%"
"06/19/2024","14,437.5","14,557.4","14,637.4","14,397.5","19.69M","-0.82%"
"06/18/2024","14,557.4","14,677.4","14,757.4","14,517.5","16.78M","0.00%"
"06/17/2024","14,557.4","14,557.4","14,717.4","14,437.5","21.42M","0.00%"
"06/14/2024","14,557.4","15,237.3","15,357.3","14,557.4","40.33M","-3.70%"
"06/13/2024","15,117.3","15,357.3","15,397.3","15,117.3","18.96M","-0.79%"
"06/12/2024","15,237.3","14,757.4","15,397.3","14,717.4","63.19M","3.81%"
"06/11/2024","14,677.4","14,677.4","14,717.4","14,477.5","21.37M","0.55%"
"06/10/2024","14,597.4","14,517.5","14,757.4","14,477.5","18.13M","1.11%"
"06/07/2024","14,437.5","14,557.4","14,597.4","14,437.5","15.29M","-0.28%"
"06/06/2024","14,477.5","14,557.4","14,677.4","14,397.5","14.58M","-0.28%"
"06/05/2024","14,517.5","14,717.4","14,797.4","14,517.5","16.59M","-0.55%"
"06/04/2024","14,597.4","14,717.4","14,917.4","14,597.4","22.06M","-0.55%"
"06/03/2024","14,677.4","14,557.4","14,797.4","14,557.4","29.18M","1.94%"
"05/31/2024","14,397.5","14,317.5","14,597.4","14,317.5","21.09M","0.56%"
"05/30/2024","14,317.5","14,197.5","14,437.5","14,037.5","27.44M","-0.56%"
"05/29/2024","14,397.5","14,517.5","14,717.4","14,317.5","23.52M","-0.83%"
"05/28/2024","14,517.5","14,397.5","14,557.4","14,317.5","18.97M","1.40%"
"05/27/2024","14,317.5","14,157.5","14,357.5","13,997.5","14.60M","1.13%"
"05/24/2024","14,157.5","14,517.5","14,597.4","13,957.5","43.42M","-3.80%"
"05/23/2024","14,717.4","14,517.5","14,717.4","14,117.5","36.42M","1.10%"
"05/22/2024","14,557.4","14,677.4","14,997.4","14,477.5","35.59M","-0.55%"
"05/21/2024","14,637.4","14,597.4","14,717.4","14,357.5","25.98M","0.27%"
"05/20/2024","14,597.4","14,797.4","14,877.4","14,597.4","27.73M","0.00%"
"05/17/2024","14,597.4","14,557.4","14,757.4","14,437.5","26.01M","0.55%"
"05/16/2024","14,517.5","14,477.5","14,677.4","14,397.5","33.94M","1.68%"
"05/15/2024","14,277.5","13,997.5","14,517.5","13,997.5","34.83M","2.00%"
"05/14/2024","13,997.5","14,077.5","14,197.5","13,957.5","12.48M","-0.28%"
"05/13/2024","14,037.5","14,077.5","14,237.5","13,917.6","22.13M","0.00%"
"05/10/2024","14,037.5","13,917.6","14,077.5","13,717.6","23.09M","1.74%"
"05/09/2024","13,797.6","14,077.5","14,157.5","13,757.6","21.57M","-1.43%"
"05/08/2024","13,997.5","13,837.6","14,197.5","13,717.6","28.71M","0.00%"
"05/07/2024","13,997.5","14,077.5","14,117.5","13,877.6","18.33M","-0.57%"
"05/06/2024","14,077.5","13,597.6","14,117.5","13,517.6","35.83M","4.76%"
"05/03/2024","13,437.6","13,597.6","13,677.6","13,357.7","18.02M","0.30%"
"05/02/2024","13,397.6","13,477.6","13,557.6","13,277.7","14.39M","-0.59%"
"04/26/2024","13,477.6","13,357.7","13,677.6","13,357.7","20.58M","-1.46%"
"04/25/2024","13,677.6","13,717.6","13,757.6","13,517.6","18.95M","-0.87%"
"04/24/2024","13,797.6","13,517.6","13,917.6","13,397.6","32.96M","4.23%"
"04/23/2024","13,237.7","13,717.6","13,757.6","13,157.7","26.13M","-3.50%"
"04/22/2024","13,717.6","13,477.6","13,917.6","13,317.7","34.92M","5.21%"
"04/19/2024","13,037.7","13,277.7","13,757.6","12,797.8","59.28M","-4.12%"
"04/17/2024","13,597.6","14,397.5","14,437.5","13,597.6","40.39M","-4.76%"
"04/16/2024","14,277.5","14,477.5","14,557.4","13,557.6","78.14M","-1.65%"
"04/15/2024","14,517.5","15,557.3","15,797.2","14,517.5","54.85M","-6.92%"
"04/12/2024","15,597.3","15,517.3","15,757.2","15,357.3","28.50M","1.83%"
"04/11/2024","15,317.3","15,157.3","15,477.3","15,117.3","33.11M","-0.26%"
"04/10/2024","15,357.3","15,717.2","15,717.2","15,357.3","21.84M","-2.29%"
"04/09/2024","15,717.2","15,277.3","15,717.2","15,157.3","34.51M","3.69%"
"04/08/2024","15,157.3","15,557.3","15,557.3","15,157.3","42.44M","-1.81%"
"04/05/2024","15,437.3","15,837.2","15,877.2","15,437.3","64.41M","-3.98%"
"04/04/2024","16,077.2","16,437.1","16,477.1","15,997.2","38.34M","-1.95%"
"04/03/2024","16,397.1","16,797.1","17,117.0","16,397.1","53.06M","-2.15%"
"04/02/2024","16,757.1","16,397.1","16,757.1","16,117.2","32.34M","1.95%"
"04/01/2024","16,437.1","16,357.1","16,637.1","16,077.2","39.78M","0.00%"
"03/29/2024","16,437.1","16,797.1","16,797.1","16,397.1","36.53M","-2.14%"
"03/28/2024","16,797.1","16,997.0","16,997.0","16,597.1","36.42M","0.00%"
"03/27/2024","16,797.1","17,077.0","17,077.0","16,557.1","33.08M","0.24%"
"03/26/2024","16,757.1","16,157.2","16,757.1","15,837.2","44.83M","3.71%"
"03/25/2024","16,157.2","16,557.1","16,557.1","15,997.2","50.06M","0.25%"
"03/22/2024","16,117.2","16,317.1","16,557.1","15,917.2","49.22M","0.00%"
"03/21/2024","16,117.2","16,437.1","16,477.1","15,957.2","41.02M","0.75%"
"03/20/2024","15,997.2","15,517.3","15,997.2","15,357.3","36.04M","3.63%"
"03/19/2024","15,437.3","15,957.2","15,957.2","15,437.3","29.90M","-2.28%"
"03/18/2024","15,797.2","16,797.1","16,957.0","15,477.3","78.42M","-5.05%"
"03/15/2024","16,637.1","16,637.1","16,957.0","16,197.2","31.75M","0.00%"
"03/14/2024","16,637.1","16,117.2","17,157.0","15,997.2","58.54M","3.48%"
"03/13/2024","16,077.2","15,077.4","16,077.2","15,077.4","46.62M","6.91%"
"03/12/2024","15,037.4","15,317.3","15,397.3","14,957.4","42.90M","-3.09%"
"03/11/2024","15,517.3","15,557.3","15,717.2","15,037.4","42.56M","-0.26%"
"03/08/2024","15,557.3","15,957.2","16,117.2","15,517.3","48.17M","-1.77%"
"03/07/2024","15,837.2","14,957.4","15,997.2","14,917.4","78.92M","5.88%"
"03/06/2024","14,957.4","15,317.3","15,437.3","14,837.4","35.65M","-2.09%"
"03/05/2024","15,277.3","15,157.3","15,317.3","14,877.4","37.34M","1.06%"
"03/04/2024","15,117.3","15,437.3","15,477.3","15,037.4","31.64M","0.00%"
"03/01/2024","15,117.3","14,677.4","15,157.3","14,677.4","48.00M","3.28%"
"02/29/2024","14,637.4","14,637.4","15,037.4","14,517.5","45.63M","0.83%"
"02/28/2024","14,517.5","14,557.4","14,757.4","14,397.5","35.18M","0.28%"
"02/27/2024","14,477.5","14,477.5","14,757.4","14,317.5","27.61M","0.84%"
"02/26/2024","14,357.5","13,957.5","14,517.5","13,837.6","31.19M","2.57%"
"02/23/2024","13,997.5","14,557.4","14,557.4","13,957.5","46.57M","-3.05%"
"02/22/2024","14,437.5","14,637.4","14,717.4","14,437.5","18.98M","-1.63%"
"02/21/2024","14,677.4","14,677.4","14,797.4","14,517.5","30.87M","0.27%"
"02/20/2024","14,637.4","14,397.5","14,957.4","14,397.5","61.79M","2.23%"
"02/19/2024","14,317.5","14,357.5","14,397.5","13,997.5","34.18M","-0.28%"
"02/16/2024","14,357.5","14,277.5","14,517.5","14,237.5","27.37M","0.56%"
"02/15/2024","14,277.5","14,557.4","14,597.4","14,237.5","30.77M","-1.38%"
"02/07/2024","14,477.5","14,477.5","14,597.4","14,277.5","20.18M","0.56%"
"02/06/2024","14,397.5","14,317.5","14,637.4","14,277.5","31.92M","1.12%"
"02/05/2024","14,237.5","14,197.5","14,317.5","14,117.5","19.45M","0.57%"
"02/02/2024","14,157.5","14,037.5","14,397.5","13,957.5","48.79M","1.72%"
"02/01/2024","13,917.6","13,997.5","14,037.5","13,877.6","15.09M","-0.29%"
"01/31/2024","13,957.5","13,957.5","14,317.5","13,917.6","46.63M","0.29%"
"01/30/2024","13,917.6","13,797.6","13,917.6","13,677.6","17.74M","0.87%"
"01/29/2024","13,797.6","13,917.6","14,037.5","13,797.6","18.44M","-0.58%"
"01/26/2024","13,877.6","13,877.6","13,997.5","13,837.6","17.48M","0.00%"
"01/25/2024","13,877.6","14,037.5","14,037.5","13,877.6","12.46M","-0.29%"
"01/24/2024","13,917.6","13,877.6","14,157.5","13,877.6","30.50M","0.29%"
"01/23/2024","13,877.6","13,917.6","13,997.5","13,837.6","20.83M","0.00%"
"01/22/2024","13,877.6","13,997.5","14,077.5","13,637.6","28.77M","0.00%"
"01/19/2024","13,877.6","14,237.5","14,317.5","13,837.6","33.54M","-0.57%"
"01/18/2024","13,957.5","13,997.5","14,157.5","13,877.6","24.09M","0.00%"
"01/17/2024","13,957.5","13,717.6","14,357.5","13,637.6","66.04M","2.35%"
"01/16/2024","13,637.6","13,317.7","13,637.6","13,277.7","21.56M","2.10%"
"01/15/2024","13,357.7","13,677.6","13,757.6","13,357.7","26.61M","-1.47%"
"01/12/2024","13,557.6","13,637.6","13,877.6","13,477.6","45.80M","-1.45%"
"01/11/2024","13,757.6","13,517.6","13,837.6","13,437.6","53.15M","2.99%"
"01/10/2024","13,357.7","13,557.6","13,597.6","13,277.7","23.39M","-1.47%"
"01/09/2024","13,557.6","13,637.6","13,837.6","13,517.6","32.13M","0.30%"
"01/08/2024","13,517.6","13,517.6","13,717.6","13,397.6","25.26M","0.90%"
"01/05/2024","13,397.6","13,517.6","13,517.6","13,277.7","15.99M","0.00%"
"01/04/2024","13,397.6","13,357.7","13,797.6","13,357.7","39.57M","0.60%"
"01/03/2024","13,317.7","13,077.7","13,317.7","13,077.7","17.09M","1.52%"
"01/02/2024","13,117.7","13,837.6","13,877.6","12,917.7","64.69M","-4.09%"
"12/29/2023","13,677.6","13,757.6","13,797.6","13,637.6","16.37M","0.00%"
"12/28/2023","13,677.6","13,637.6","13,837.6","13,597.6","21.37M","0.00%"
"12/27/2023","13,677.6","13,757.6","13,957.5","13,677.6","24.90M","0.00%"
"12/26/2023","13,677.6","13,637.6","13,757.6","13,557.6","19.21M","1.18%"
"12/25/2023","13,517.6","13,397.6","13,677.6","13,277.7","24.31M","1.20%"
"12/22/2023","13,357.7","13,517.6","13,717.6","13,317.7","24.53M","-0.89%"
"12/21/2023","13,477.6","13,357.7","13,517.6","13,357.7","12.53M","-0.59%"
"12/20/2023","13,557.6","13,517.6","13,717.6","13,357.7","21.86M","0.89%"
"12/19/2023","13,437.6","13,117.7","13,437.6","13,077.7","20.50M","2.44%"
"12/18/2023","13,117.7","13,277.7","13,317.7","13,077.7","15.84M","-0.61%"
"12/15/2023","13,197.7","13,117.7","13,517.6","13,037.7","30.05M","0.30%"
"12/14/2023","13,157.7","13,477.6","13,517.6","13,117.7","30.10M","-0.90%"
"12/13/2023","13,277.7","13,837.6","13,877.6","13,277.7","35.28M","-2.92%"
"12/12/2023","13,677.6","13,757.6","13,877.6","13,637.6","15.74M","0.00%"
"12/11/2023","13,677.6","13,597.6","13,837.6","13,277.7","51.43M","-0.58%"
"12/08/2023","13,757.6","13,997.5","14,077.5","13,597.6","29.86M","-1.43%"
"12/07/2023","13,957.5","14,437.5","14,477.5","13,597.6","92.37M","-3.32%"
"12/06/2023","14,437.5","14,157.5","14,517.5","14,077.5","36.74M","1.98%"
"12/05/2023","14,157.5","14,237.5","14,357.5","14,077.5","40.04M","-0.56%"
"12/04/2023","14,237.5","13,717.6","14,277.5","13,677.6","86.06M","6.59%"
"12/01/2023","13,357.7","13,277.7","13,477.6","13,037.7","36.78M","1.83%"
"11/30/2023","13,117.7","13,077.7","13,517.6","13,077.7","48.27M","-0.30%"
"11/29/2023","13,157.7","13,117.7","13,237.7","12,957.7","30.07M","1.23%"
"11/28/2023","12,997.7","12,877.7","13,037.7","12,397.8","44.47M","0.93%"
"11/27/2023","12,877.7","13,277.7","13,277.7","12,837.7","27.63M","-3.01%"
"11/24/2023","13,277.7","13,037.7","13,277.7","12,477.8","71.09M","3.75%"
"11/23/2023","12,797.8","13,917.6","13,997.5","12,797.8","56.52M","-6.98%"
"11/22/2023","13,757.6","13,597.6","13,837.6","13,397.6","53.45M","1.18%"
"11/21/2023","13,597.6","13,677.6","13,797.6","13,397.6","36.73M","0.59%"
"11/20/2023","13,517.6","12,637.8","13,597.6","12,637.8","61.43M","4.32%"
"11/17/2023","12,957.7","13,437.6","13,637.6","12,797.8","76.56M","-3.57%"
"11/16/2023","13,437.6","12,917.7","13,437.6","12,837.7","44.31M","2.75%"
"11/15/2023","13,077.7","13,477.6","13,517.6","12,877.7","50.24M","1.24%"
"11/14/2023","12,917.7","13,117.7","13,357.7","12,797.8","43.64M","1.25%"
"11/13/2023","12,757.8","12,757.8","12,957.7","12,197.9","56.66M","1.27%"
"11/10/2023","12,597.8","12,317.8","13,157.7","12,277.8","70.29M","0.96%"
"11/09/2023","12,477.8","12,117.9","12,477.8","11,997.9","77.13M","6.85%"
"11/08/2023","11,677.9","10,918.1","11,677.9","10,838.1","58.49M","6.96%"
"11/07/2023","10,918.1","10,918.1","11,278.0","10,798.1","36.92M","-1.44%"
"11/06/2023","11,078.1","11,078.1","11,118.0","10,798.1","33.22M","1.47%"
"11/03/2023","10,918.1","11,038.1","11,278.0","10,718.1","49.47M","0.00%"
"11/02/2023","10,918.1","10,558.1","10,918.1","10,438.2","42.74M","6.64%"
"11/01/2023","10,238.2","9,798.3","10,238.2","9,518.3","48.63M","6.22%"
"10/31/2023","9,638.3","10,078.2","10,398.2","9,438.3","45.03M","-4.74%"
"10/30/2023","10,118.2","10,638.1","10,838.1","10,118.2","26.54M","-6.99%"
"10/27/2023","10,878.1","11,198.0","11,198.0","10,318.2","40.51M","-0.37%"
"10/26/2023","10,918.1","11,398.0","11,438.0","10,918.1","58.09M","-6.83%"
"10/25/2023","11,717.9","11,837.9","12,197.9","11,677.9","31.13M","-0.34%"
"10/24/2023","11,757.9","11,677.9","11,837.9","11,478.0","22.35M","2.08%"
"10/23/2023","11,518.0","11,997.9","12,077.9","11,438.0","26.21M","-4.00%"
"10/20/2023","11,997.9","11,558.0","12,077.9","11,038.1","34.97M","4.17%"
"10/19/2023","11,518.0","11,957.9","12,117.9","11,478.0","29.67M","-3.03%"
"10/18/2023","11,877.9","11,757.9","12,237.9","11,438.0","61.07M","3.85%"
"10/17/2023","11,438.0","12,397.8","12,637.8","11,438.0","27.37M","-6.54%"
"10/16/2023","12,237.9","12,557.8","12,677.8","12,237.9","24.05M","-2.55%"
"10/13/2023","12,557.8","12,397.8","12,837.7","12,197.9","34.20M","-1.26%"
"10/12/2023","12,717.8","13,037.7","13,037.7","12,597.8","25.95M","-0.93%"
"10/11/2023","12,837.7","12,477.8","12,837.7","12,237.9","28.31M","3.22%"
"10/10/2023","12,437.8","12,557.8","12,917.7","12,397.8","39.61M","0.65%"
"10/09/2023","12,357.8","12,197.9","12,437.8","12,037.9","31.65M","1.98%"
"10/06/2023","12,117.9","11,318.0","12,117.9","11,318.0","47.29M","6.69%"
"10/05/2023","11,358.0","12,197.9","12,357.8","11,358.0","28.98M","-6.27%"
"10/04/2023","12,117.9","11,238.0","12,557.8","11,238.0","56.21M","1.68%"
"10/03/2023","11,917.9","12,517.8","12,637.8","11,917.9","46.44M","-6.88%"
"10/02/2023","12,797.8","12,637.8","13,197.7","12,517.8","38.11M","1.59%"
"09/29/2023","12,597.8","12,917.7","13,077.7","12,557.8","25.83M","-0.94%"
"09/28/2023","12,717.8","13,157.7","13,157.7","12,557.8","39.23M","-3.93%"
"09/27/2023","13,237.7","12,637.8","13,237.7","11,837.9","59.80M","5.41%"
"09/26/2023","12,557.8","12,797.8","13,757.6","12,397.8","70.12M","-5.14%"
"09/25/2023","13,237.7","13,957.5","14,237.5","13,237.7","48.46M","-6.76%"
"09/22/2023","14,197.5","14,677.4","14,797.4","14,197.5","80.83M","-6.82%"
"09/21/2023","15,237.3","15,797.2","15,797.2","15,157.3","39.30M","-3.54%"
"09/20/2023","15,797.2","15,117.3","15,837.2","14,957.4","33.10M","5.05%"
"09/19/2023","15,037.4","15,397.3","15,437.3","14,557.4","48.27M","-1.31%"
"09/18/2023","15,237.3","15,517.3","15,677.2","15,117.3","38.56M","-2.81%"
"09/15/2023","15,677.2","15,597.3","15,717.2","15,037.4","42.99M","1.55%"
"09/14/2023","15,437.3","15,997.2","16,077.2","15,317.3","50.53M","-3.50%"
"09/13/2023","15,997.2","16,477.1","16,597.1","15,797.2","47.58M","-2.91%"
"09/12/2023","16,477.1","15,477.3","16,477.1","15,317.3","47.71M","6.74%"
"09/11/2023","15,437.3","15,957.2","16,077.2","15,437.3","56.13M","-2.53%"
"09/08/2023","15,837.2","15,797.2","16,117.2","15,757.2","32.87M","-0.50%"
"09/07/2023","15,917.2","16,157.2","16,157.2","15,757.2","39.33M","-1.00%"
"09/06/2023","16,077.2","15,717.2","16,317.1","15,397.3","53.40M","2.29%"
"09/05/2023","15,717.2","15,957.2","15,957.2","15,597.3","39.23M","-0.76%"
"08/31/2023","15,837.2","15,597.3","15,837.2","15,357.3","41.28M","1.80%"
"08/30/2023","15,557.3","14,997.4","15,597.3","14,637.4","47.48M","3.73%"
"08/29/2023","14,997.4","15,197.3","15,197.3","14,477.5","47.54M","0.00%"
"08/28/2023","14,997.4","14,637.4","14,997.4","14,557.4","40.19M","3.02%"
"08/25/2023","14,557.4","14,277.5","14,637.4","14,037.5","53.06M","1.96%"
"08/24/2023","14,277.5","13,517.6","14,277.5","13,277.7","48.40M","6.89%"
"08/23/2023","13,357.7","13,837.6","13,877.6","13,197.7","32.59M","-1.76%"
"08/22/2023","13,597.6","13,277.7","13,597.6","12,237.9","52.19M","3.66%"
"08/21/2023","13,117.7","13,437.6","13,517.6","12,637.8","50.63M","-3.24%"
"08/18/2023","13,557.6","14,277.5","14,397.5","13,557.6","46.31M","-6.87%"
"08/17/2023","14,557.4","14,677.4","14,957.4","14,437.5","38.50M","-0.27%"
"08/16/2023","14,597.4","13,597.6","14,597.4","13,477.6","54.35M","6.41%"
"08/15/2023","13,717.6","13,677.6","13,717.6","13,277.7","37.64M","0.88%"
"08/14/2023","13,597.6","13,117.7","13,597.6","12,957.7","51.07M","4.94%"
"08/11/2023","12,957.7","12,957.7","12,957.7","12,437.8","24.62M","0.93%"
"08/10/2023","12,837.7","13,117.7","13,117.7","12,637.8","27.15M","-1.23%"
"08/09/2023","12,997.7","12,837.7","13,197.7","12,637.8","28.77M","0.93%"
"08/08/2023","12,877.7","13,637.6","13,637.6","12,877.7","32.49M","-4.73%"
"08/07/2023","13,517.6","13,597.6","13,717.6","13,357.7","28.58M","0.90%"
"08/04/2023","13,397.6","13,597.6","13,597.6","13,197.7","26.83M","-0.59%"
"08/03/2023","13,477.6","13,077.7","13,637.6","12,917.7","47.37M","3.06%"
"08/02/2023","13,077.7","12,157.9","13,077.7","12,077.9","37.13M","6.86%"
"08/01/2023","12,237.9","12,797.8","12,797.8","12,117.9","34.26M","-2.55%"
"07/31/2023","12,557.8","12,397.8","12,557.8","12,157.9","36.43M","3.29%"
"07/28/2023","12,157.9","11,518.0","12,157.9","11,478.0","41.84M","5.19%"
"07/27/2023","11,558.0","11,717.9","11,757.9","11,278.0","24.36M","0.35%"
"07/26/2023","11,518.0","11,198.0","11,518.0","10,998.1","22.91M","2.86%"
"07/25/2023","11,198.0","11,398.0","11,438.0","11,078.1","20.30M","-1.75%"
"07/24/2023","11,398.0","11,358.0","11,398.0","10,998.1","24.17M","1.79%"
"07/21/2023","11,198.0","11,158.0","11,358.0","10,998.1","30.50M","3.32%"
"07/20/2023","10,838.1","10,598.1","10,878.1","10,438.2","26.63M","3.43%"
"07/19/2023","10,478.2","10,478.2","10,918.1","10,318.2","43.13M","1.55%"
"07/18/2023","10,318.2","10,318.2","10,318.2","9,998.2","17.34M","0.78%"
"07/17/2023","10,238.2","10,358.2","10,518.2","10,118.2","33.42M","2.40%"
"07/14/2023","9,998.2","9,518.3","9,998.2","9,398.3","52.79M","6.84%"
"07/13/2023","9,358.4","9,198.4","9,398.3","9,158.4","18.03M","3.08%"
"07/12/2023","9,078.4","9,198.4","9,318.4","9,038.4","15.59M","-1.30%"
"07/11/2023","9,198.4","9,318.4","9,478.3","9,198.4","24.60M","-0.43%"
"07/10/2023","9,238.4","9,198.4","9,278.4","9,078.4","23.19M","1.76%"
"07/07/2023","9,078.4","8,718.5","9,118.4","8,558.5","30.84M","1.34%"
"07/06/2023","8,958.4","9,078.4","9,238.4","8,718.5","25.42M","-2.61%"
"07/05/2023","9,198.4","9,278.4","9,398.3","9,158.4","27.29M","0.00%"
"07/04/2023","9,198.4","8,758.5","9,238.4","8,718.5","24.25M","5.02%"
"07/03/2023","8,758.5","8,718.5","8,838.4","8,598.5","10.00M","1.39%"
"06/30/2023","8,638.5","8,478.5","8,678.5","8,478.5","15.27M","0.93%"
"06/29/2023","8,558.5","8,958.4","8,958.4","8,518.5","20.30M","-4.46%"
"06/28/2023","8,958.4","8,878.4","9,158.4","8,678.5","20.65M","0.90%"
"06/27/2023","8,878.4","9,318.4","9,318.4","8,718.5","29.70M","-3.48%"
"06/26/2023","9,198.4","9,598.3","9,678.3","9,078.4","85.70M","-5.74%"
"06/23/2023","9,758.3","9,478.3","9,918.3","9,358.4","24.84M","3.39%"
"06/22/2023","9,438.3","9,398.3","9,438.3","9,198.4","16.61M","1.72%"
"06/21/2023","9,278.4","8,918.4","9,318.4","8,838.4","26.61M","4.98%"
"06/20/2023","8,838.4","8,718.5","8,838.4","8,558.5","13.33M","1.38%"
"06/19/2023","8,718.5","8,758.5","8,878.4","8,638.5","16.27M","0.00%"
"06/16/2023","8,718.5","8,758.5","9,078.4","8,678.5","37.99M","2.35%"
"06/15/2023","8,518.5","8,478.5","8,558.5","8,318.5","18.89M","0.47%"
"06/14/2023","8,478.5","8,758.5","8,838.4","8,478.5","21.29M","-2.75%"
"06/13/2023","8,718.5","8,878.4","8,998.4","8,718.5","20.20M","-0.91%"
"06/12/2023","8,798.5","9,038.4","9,078.4","8,678.5","18.28M","-1.78%"
"06/09/2023","8,958.4","8,638.5","8,958.4","8,558.5","28.12M","4.67%"
"06/08/2023","8,558.5","8,598.5","9,038.4","8,558.5","39.82M","-0.93%"
"06/07/2023","8,638.5","8,398.5","8,638.5","8,198.6","19.97M","3.35%"
"06/06/2023","8,358.5","7,974.6","8,358.5","7,934.6","25.82M","4.81%"
"06/05/2023","7,974.6","8,078.6","8,198.6","7,910.6","28.90M","0.00%"
"06/02/2023","7,974.6","7,886.6","8,078.6","7,886.6","29.40M","2.15%"
"06/01/2023","7,806.6","7,518.7","7,838.6","7,494.7","22.49M","4.16%"
"05/31/2023","7,494.7","7,558.7","7,598.7","7,478.7","19.59M","-0.85%"
"05/30/2023","7,558.7","7,622.7","7,710.6","7,478.7","24.13M","-0.53%"
"05/29/2023","7,598.7","7,374.7","7,598.7","7,318.7","19.45M","4.63%"
"05/26/2023","7,262.7","7,022.8","7,438.7","6,974.8","23.74M","3.77%"
"05/25/2023","6,998.8","7,038.8","7,150.7","6,974.8","24.03M","1.67%"
"05/24/2023","6,884.1","6,912.2","6,989.5","6,827.8","34.04M","0.41%"
"05/23/2023","6,855.9","6,996.6","7,066.9","6,799.7","30.83M","-1.12%"
"05/22/2023","6,933.3","6,961.4","7,102.1","6,834.8","22.51M","0.61%"
"05/19/2023","6,891.1","6,750.5","6,898.1","6,680.1","33.19M","3.16%"
"05/18/2023","6,680.1","7,031.7","7,207.5","6,680.1","31.29M","-4.43%"
"05/17/2023","6,989.5","7,242.7","7,348.2","6,947.4","24.88M","-3.50%"
"05/16/2023","7,242.7","6,820.8","7,242.7","6,792.7","33.42M","6.74%"
"05/15/2023","6,785.6","7,207.5","7,277.8","6,785.6","30.97M","-3.50%"
"05/12/2023","7,031.7","6,645.0","7,031.7","6,546.5","31.52M","5.82%"
"05/11/2023","6,645.0","6,750.5","6,813.7","6,630.9","28.74M","-1.66%"
"05/10/2023","6,757.5","6,715.3","6,820.8","6,715.3","20.05M","2.12%"
"05/09/2023","6,616.9","6,202.0","6,616.9","6,110.6","39.17M","6.93%"
"05/08/2023","6,187.9","6,265.3","6,398.9","6,187.9","36.25M","0.11%"
"05/05/2023","6,180.9","5,984.0","6,223.1","5,984.0","34.37M","3.53%"
"05/04/2023","5,969.9","5,590.2","5,969.9","5,548.0","53.31M","6.93%"
"04/28/2023","5,583.2","5,526.9","5,604.3","5,512.9","11.47M","1.53%"
"04/27/2023","5,498.8","5,569.1","5,639.4","5,484.8","11.21M","-1.01%"
"04/26/2023","5,555.1","5,484.8","5,576.2","5,477.7","12.95M","1.02%"
"04/25/2023","5,498.8","5,709.8","5,787.1","5,456.6","20.21M","-2.74%"
"04/24/2023","5,653.5","5,449.6","5,688.7","5,386.3","24.46M","3.74%"
"04/21/2023","5,449.6","5,372.2","5,611.3","5,372.2","18.24M","1.71%"
"04/20/2023","5,358.2","5,365.2","5,414.4","5,344.1","6.94M","-0.13%"
"04/19/2023","5,365.2","5,519.9","5,611.3","5,351.1","13.07M","-2.18%"
"04/18/2023","5,484.8","5,414.4","5,526.9","5,365.2","12.90M","1.70%"
"04/17/2023","5,393.3","5,309.0","5,414.4","5,273.8","13.19M","2.27%"
"04/14/2023","5,273.8","5,597.3","5,618.4","5,273.8","24.35M","-5.06%"
"04/13/2023","5,555.1","5,702.7","5,737.9","5,526.9","23.10M","-2.47%"
"04/12/2023","5,695.7","5,864.5","5,871.5","5,688.7","15.73M","-2.41%"
"04/11/2023","5,836.3","5,723.8","5,836.3","5,590.2","20.61M","1.84%"
"04/10/2023","5,730.9","5,836.3","5,955.9","5,709.8","21.56M","0.99%"
"04/07/2023","5,674.6","5,569.1","5,695.7","5,526.9","22.98M","2.28%"
"04/06/2023","5,548.0","5,892.6","5,969.9","5,484.8","24.45M","-5.40%"
"04/05/2023","5,864.5","5,766.0","5,885.6","5,709.8","15.02M","1.09%"
"04/04/2023","5,801.2","5,667.6","5,822.3","5,583.2","24.39M","2.61%"
"04/03/2023","5,653.5","5,653.5","5,653.5","5,562.1","20.75M","4.42%"
"03/31/2023","5,414.4","5,323.0","5,484.8","5,217.5","20.46M","1.72%"
"03/30/2023","5,323.0","5,477.7","5,477.7","5,316.0","14.46M","-0.13%"
"03/29/2023","5,330.1","5,309.0","5,365.2","5,238.6","10.60M","0.13%"
"03/28/2023","5,323.0","5,435.5","5,505.8","5,294.9","18.05M","-0.26%"
"03/27/2023","5,337.1","5,133.2","5,393.3","5,126.1","23.02M","4.55%"
"03/24/2023","5,105.0","5,041.8","5,168.3","5,034.7","14.70M","2.69%"
"03/23/2023","4,971.4","4,887.1","5,020.7","4,887.1","8.26M","0.28%"
"03/22/2023","4,957.4","5,020.7","5,020.7","4,957.4","4.33M","-0.14%"
"03/21/2023","4,964.4","4,992.5","4,992.5","4,851.9","3.22M","1.44%"
"03/20/2023","4,894.1","5,034.7","5,041.8","4,894.1","6.97M","-4.40%"
"03/17/2023","5,119.1","4,999.6","5,119.1","4,908.1","13.23M","4.00%"
"03/16/2023","4,922.2","4,992.5","5,048.8","4,922.2","9.23M","-2.78%"
"03/15/2023","5,062.8","4,908.1","5,062.8","4,844.9","21.79M","6.98%"
"03/14/2023","4,732.4","4,767.5","4,809.7","4,704.2","6.70M","-0.59%"
"03/13/2023","4,760.5","4,732.4","4,781.6","4,697.2","8.46M","-0.59%"
"03/10/2023","4,788.6","4,844.9","4,858.9","4,788.6","3.51M","-1.87%"
"03/09/2023","4,880.0","4,837.8","4,957.4","4,837.8","9.98M","1.31%"
"03/08/2023","4,816.7","4,711.3","4,823.8","4,697.2","5.39M","1.03%"
"03/07/2023","4,767.5","4,753.5","4,809.7","4,697.2","5.15M","0.44%"
"03/06/2023","4,746.4","4,746.4","4,851.9","4,746.4","4.19M","1.50%"
"03/03/2023","4,676.1","4,795.6","4,844.9","4,676.1","4.63M","-2.21%"
"03/02/2023","4,781.6","4,908.1","4,908.1","4,774.5","4.71M","-1.73%"
"03/01/2023","4,866.0","4,640.9","4,866.0","4,591.7","7.41M","5.33%"
"02/28/2023","4,619.8","4,711.3","4,774.5","4,619.8","11.04M","-0.45%"
"02/27/2023","4,640.9","4,697.2","4,739.4","4,626.9","18.46M","-2.66%"
"02/24/2023","4,767.5","4,978.5","4,978.5","4,767.5","18.00M","-3.14%"
"02/23/2023","4,922.2","4,915.2","4,929.2","4,697.2","17.80M","-0.43%"
"02/22/2023","4,943.3","4,957.4","5,119.1","4,936.3","17.89M","-5.64%"
"02/21/2023","5,238.6","5,449.6","5,456.6","5,238.6","12.18M","-2.49%"
"02/20/2023","5,372.2","5,069.9","5,379.3","5,069.9","11.67M","6.26%"
"02/17/2023","5,055.8","4,999.6","5,168.3","4,999.6","10.49M","0.14%"
"02/16/2023","5,048.8","4,887.1","5,055.8","4,887.1","8.98M","4.82%"
"02/15/2023","4,816.7","4,711.3","4,901.1","4,711.3","7.58M","1.33%"
"02/14/2023","4,753.5","4,711.3","4,774.5","4,676.1","5.78M","1.50%"
"02/13/2023","4,683.1","4,985.5","4,985.5","4,683.1","21.32M","-6.98%"
"02/10/2023","5,034.7","5,203.5","5,231.6","5,034.7","11.00M","-3.63%"
"02/09/2023","5,224.6","5,238.6","5,309.0","5,182.4","6.34M","-0.13%"
"02/08/2023","5,231.6","5,203.5","5,309.0","5,105.0","9.30M","1.50%"
"02/07/2023","5,154.3","5,337.1","5,428.5","5,140.2","15.19M","-3.55%"
"02/06/2023","5,344.1","5,098.0","5,344.1","5,062.8","9.05M","3.68%"
"02/03/2023","5,154.3","5,133.2","5,210.5","5,069.9","10.31M","1.10%"
"02/02/2023","5,098.0","5,203.5","5,238.6","5,076.9","15.66M","-1.36%"
"02/01/2023","5,168.3","5,618.4","5,653.5","5,168.3","28.82M","-6.96%"
"01/31/2023","5,555.1","5,463.7","5,555.1","5,245.7","23.76M","1.67%"
"01/30/2023","5,463.7","5,625.4","5,660.5","5,463.7","20.96M","-2.87%"
"01/27/2023","5,625.4","5,498.8","5,723.8","5,463.7","19.00M","3.23%"
"01/19/2023","5,449.6","5,238.6","5,470.7","5,224.6","20.12M","1.97%"
"01/18/2023","5,344.1","5,379.3","5,407.4","5,252.7","14.78M","0.00%"
"01/17/2023","5,344.1","5,133.2","5,344.1","5,098.0","14.84M","4.83%"
"01/16/2023","5,098.0","5,126.1","5,147.2","4,985.5","9.62M","-0.55%"
"01/13/2023","5,126.1","5,048.8","5,238.6","5,048.8","20.57M","1.96%"
"01/12/2023","5,027.7","4,964.4","5,055.8","4,957.4","9.60M","1.56%"
"01/11/2023","4,950.3","4,978.5","5,133.2","4,950.3","11.43M","0.57%"
"01/10/2023","4,922.2","4,971.4","4,992.5","4,795.6","9.46M","-0.71%"
"01/09/2023","4,957.4","5,006.6","5,027.7","4,957.4","10.75M","0.29%"
"01/06/2023","4,943.3","5,034.7","5,161.3","4,929.2","14.42M","-1.40%"
"01/05/2023","5,013.6","4,971.4","5,055.8","4,858.9","12.86M","2.44%"
"01/04/2023","4,894.1","4,992.5","5,126.1","4,894.1","16.67M","0.14%"
"01/03/2023","4,887.1","4,584.7","4,887.1","4,577.7","13.89M","6.92%"
"12/30/2022","4,570.6","4,746.4","4,760.5","4,570.6","9.28M","-2.70%"
"12/29/2022","4,697.2","4,732.4","4,837.8","4,676.1","7.82M","-1.77%"
"12/28/2022","4,781.6","4,851.9","4,901.1","4,739.4","8.98M","-1.59%"
"12/27/2022","4,858.9","4,493.3","4,858.9","4,437.0","15.58M","6.97%"
"12/26/2022","4,542.5","4,866.0","4,880.0","4,542.5","20.44M","-6.92%"
"12/23/2022","4,880.0","5,027.7","5,119.1","4,851.9","11.95M","-3.61%"
"12/22/2022","5,062.8","5,133.2","5,168.3","4,788.6","18.81M","0.28%"
"12/21/2022","5,048.8","5,555.1","5,583.2","5,048.8","29.62M","-6.99%"
"12/20/2022","5,428.5","5,836.3","5,899.6","5,428.5","36.36M","-6.99%"
"12/19/2022","5,836.3","5,906.7","6,216.1","5,822.3","36.04M","0.00%"
"12/16/2022","5,836.3","5,709.8","5,892.6","5,660.5","19.93M","0.36%"
"12/15/2022","5,815.2","5,801.2","5,962.9","5,646.5","18.13M","-1.78%"
"12/14/2022","5,920.7","6,082.4","6,103.5","5,836.3","20.15M","-0.12%"
"12/13/2022","5,927.8","5,569.1","5,927.8","5,407.4","22.69M","6.85%"
"12/12/2022","5,548.0","6,047.3","6,244.2","5,548.0","30.61M","-6.74%"
"12/09/2022","5,948.8","5,892.6","5,955.9","5,695.7","33.66M","6.01%"
"12/08/2022","5,611.3","5,386.3","5,611.3","5,372.2","26.95M","6.97%"
"12/07/2022","5,245.7","5,604.3","5,618.4","5,245.7","29.35M","-6.98%"
"12/06/2022","5,639.4","5,948.8","6,061.4","5,639.4","35.13M","-6.96%"
"12/05/2022","6,061.4","6,258.2","6,286.4","5,984.0","30.97M","0.82%"
"12/02/2022","6,012.1","5,519.9","6,012.1","5,393.3","27.05M","6.87%"
"12/01/2022","5,625.4","5,660.5","5,913.7","5,505.8","35.54M","-18.59%"
"11/30/2022","6,909.9","6,822.0","7,059.3","6,593.4","17.41M","1.55%"
"11/29/2022","6,804.4","6,681.3","7,112.1","6,400.0","20.54M","1.84%"
"11/28/2022","6,681.3","6,593.4","6,822.0","6,162.6","39.75M","3.12%"
"11/25/2022","6,479.1","6,391.2","6,479.1","6,197.8","14.90M","6.97%"
"11/24/2022","6,057.1","5,608.8","6,057.1","5,494.5","12.31M","6.99%"
"11/23/2022","5,661.5","5,925.3","6,127.5","5,661.5","11.09M","-5.99%"
"11/22/2022","6,022.0","5,890.1","6,391.2","5,793.4","20.83M","0.74%"
"11/21/2022","5,978.0","5,846.2","6,039.6","5,652.7","15.00M","5.10%"
"11/18/2022","5,687.9","5,362.6","5,687.9","5,019.8","22.41M","6.94%"
"11/17/2022","5,318.7","5,160.4","5,318.7","5,151.6","6.87M","6.89%"
"11/16/2022","4,975.8","4,325.3","4,975.8","4,325.3","17.41M","6.99%"
"11/15/2022","4,650.6","4,676.9","4,826.4","4,650.6","8.95M","-6.87%"
"11/14/2022","4,993.4","5,186.8","5,213.2","4,993.4","14.87M","-6.88%"
"11/11/2022","5,362.6","5,811.0","5,960.4","5,362.6","11.84M","-6.30%"
"11/10/2022","5,723.1","5,978.0","6,083.5","5,723.1","6.25M","-7.00%"
"11/09/2022","6,153.8","6,241.8","6,391.2","6,048.4","6.86M","0.57%"
"11/08/2022","6,118.7","5,538.5","6,118.7","5,494.5","8.38M","6.58%"
"11/07/2022","5,740.7","6,180.2","6,285.7","5,740.7","11.64M","-6.98%"
"11/04/2022","6,171.4","6,593.4","6,593.4","6,171.4","14.90M","-6.90%"
"11/03/2022","6,628.6","6,417.6","6,716.5","6,417.6","9.48M","0.00%"
"11/02/2022","6,628.6","6,751.6","6,813.2","6,575.8","9.77M","-1.82%"
"11/01/2022","6,751.6","6,725.3","6,909.9","6,628.6","14.71M","2.40%"
"10/31/2022","6,593.4","6,338.5","6,681.3","6,074.7","12.13M","4.02%"
"10/28/2022","6,338.5","6,197.8","6,338.5","6,153.8","19.10M","6.97%"
"10/27/2022","5,925.3","5,670.3","5,925.3","5,626.4","10.69M","6.98%"
"10/26/2022","5,538.5","5,934.1","6,057.1","5,538.5","5.05M","-4.54%"
"10/25/2022","5,802.2","5,600.0","6,329.7","5,512.1","12.46M","-2.08%"
"10/24/2022","5,925.3","6,356.0","6,364.8","5,925.3","12.47M","-6.91%"
"10/21/2022","6,364.8","6,857.1","6,892.3","6,364.8","13.61M","-6.94%"
"10/20/2022","6,839.6","7,033.0","7,094.5","6,769.2","8.70M","-3.83%"
"10/19/2022","7,112.1","7,340.7","7,375.8","7,068.1","8.88M","-2.18%"
"10/18/2022","7,270.3","7,551.6","7,560.4","7,270.3","12.51M","-0.36%"
"10/17/2022","7,296.7","6,953.8","7,296.7","6,909.9","14.70M","4.93%"
"10/14/2022","6,953.8","6,945.1","6,953.8","6,804.4","11.22M","6.89%"
"10/13/2022","6,505.5","6,760.4","6,813.2","6,461.5","8.82M","-2.63%"
"10/12/2022","6,681.3","6,241.8","7,024.2","6,241.8","11.45M","0.53%"
"10/11/2022","6,646.2","7,120.9","7,120.9","6,646.2","7.74M","-6.90%"
"10/10/2022","7,138.5","6,681.3","7,252.7","6,584.6","9.67M","1.75%"
"10/07/2022","7,015.4","7,129.7","7,454.9","7,015.4","19.52M","-6.88%"
"10/06/2022","7,534.1","8,096.7","8,105.5","7,534.1","12.99M","-6.95%"
"10/05/2022","8,096.7","7,780.2","8,105.5","7,771.4","8.75M","6.72%"
"10/04/2022","7,586.8","8,219.8","8,219.8","7,586.8","10.33M","-5.37%"
"10/03/2022","8,017.6","8,571.4","8,597.8","8,017.6","6.74M","-6.94%"
"09/30/2022","8,615.4","8,131.9","8,615.4","7,727.5","10.35M","5.38%"
"09/29/2022","8,175.8","9,054.9","9,098.9","8,175.8","9.34M","-7.00%"
"09/28/2022","8,791.2","8,791.2","9,054.9","8,747.3","9.14M","-0.99%"
"09/27/2022","8,879.1","9,274.7","9,318.7","8,835.2","9.25M","-2.89%"
"09/26/2022","9,142.9","9,450.6","9,538.5","9,054.9","16.80M","-5.88%"
"09/23/2022","9,714.3","10,065.9","10,109.9","9,670.3","8.09M","-3.07%"
"09/22/2022","10,022.0","9,582.4","10,153.8","9,582.4","9.11M","2.24%"
"09/21/2022","9,802.2","10,065.9","10,109.9","9,714.3","4.99M","-3.04%"
"09/20/2022","10,109.9","9,934.1","10,109.9","9,230.8","10.98M","3.14%"
"09/19/2022","9,802.2","10,417.6","10,505.5","9,802.2","7.70M","-6.69%"
"09/16/2022","10,505.5","10,549.5","10,681.3","10,197.8","6.70M","-1.24%"
"09/15/2022","10,637.4","10,989.0","10,989.0","10,637.4","4.42M","-2.02%"
"09/14/2022","10,857.1","10,197.8","10,901.1","10,197.8","7.09M","2.92%"
"09/13/2022","10,549.5","10,725.3","10,725.3","10,417.6","4.62M","-0.83%"
"09/12/2022","10,637.4","10,989.0","11,033.0","10,593.4","3.29M","-1.63%"
"09/09/2022","10,813.2","10,725.3","10,813.2","10,065.9","6.65M","2.50%"
"09/08/2022","10,549.5","10,901.1","10,945.1","10,505.5","9.70M","-1.64%"
"09/07/2022","10,725.3","11,472.5","11,604.4","10,681.3","12.52M","-6.51%"
"09/06/2022","11,472.5","11,956.0","12,000.0","11,472.5","9.70M","-2.61%"
"09/05/2022","11,780.2","11,956.0","12,131.9","11,780.2","4.98M","-1.47%"
"08/31/2022","11,956.0","11,604.4","12,000.0","11,516.5","7.99M","1.49%"
"08/30/2022","11,780.2","12,351.6","12,395.6","11,780.2","7.26M","-2.90%"
"08/29/2022","12,131.9","12,000.0","12,131.9","11,560.4","16.13M","-2.13%"
"08/26/2022","12,395.6","12,747.3","12,879.1","12,395.6","9.37M","-0.36%"
"08/25/2022","12,440.4","12,398.9","12,689.2","12,357.5","11.58M","0.33%"
"08/24/2022","12,398.9","12,481.9","12,606.3","12,316.0","11.26M","-0.33%"
"08/23/2022","12,440.4","12,191.6","12,440.4","11,859.8","13.09M","1.01%"
"08/22/2022","12,316.0","12,150.1","12,564.8","12,025.7","13.78M","1.37%"
"08/19/2022","12,150.1","11,942.8","12,398.9","11,942.8","13.72M","1.74%"
"08/18/2022","11,942.8","11,528.1","12,067.2","11,445.2","14.09M","2.86%"
"08/17/2022","11,611.0","11,611.0","11,859.8","11,486.6","11.07M","0.00%"
"08/16/2022","11,611.0","11,528.1","11,735.4","11,403.7","7.64M","0.72%"
"08/15/2022","11,528.1","11,694.0","11,859.8","11,486.6","13.39M","1.83%"
"08/12/2022","11,320.8","10,615.8","11,320.8","10,615.8","19.93M","6.64%"
"08/11/2022","10,615.8","11,279.3","11,403.7","10,491.4","16.12M","-3.76%"
"08/10/2022","11,030.5","10,864.6","11,279.3","10,781.7","10.29M","0.00%"
"08/09/2022","11,030.5","10,823.1","11,071.9","10,698.7","10.25M","0.76%"
"08/08/2022","10,947.5","10,781.7","11,196.3","10,698.7","16.09M","3.12%"
"08/05/2022","10,615.8","9,869.4","10,615.8","9,869.4","14.62M","6.67%"
"08/04/2022","9,952.3","10,242.6","10,242.6","9,827.9","10.73M","0.42%"
"08/03/2022","9,910.8","9,620.6","9,952.3","9,579.1","9.06M","1.70%"
"08/02/2022","9,745.0","9,827.9","10,035.2","9,662.0","10.19M","-0.42%"
"08/01/2022","9,786.4","9,288.8","9,827.9","9,205.9","13.96M","6.31%"
"07/29/2022","9,205.9","9,205.9","9,371.8","9,123.0","7.57M","0.00%"
"07/28/2022","9,205.9","9,081.5","9,330.3","8,957.1","9.63M","3.74%"
"07/27/2022","8,874.1","8,583.9","8,915.6","8,583.9","4.84M","1.42%"
"07/26/2022","8,749.7","8,832.7","8,874.1","8,708.3","3.39M","-0.94%"
"07/25/2022","8,832.7","8,832.7","9,040.0","8,625.3","7.55M","-0.93%"
"07/22/2022","8,915.6","9,123.0","9,164.4","8,832.7","6.41M","-1.83%"
"07/21/2022","9,081.5","9,205.9","9,288.8","8,998.5","5.75M","-2.23%"
"07/20/2022","9,288.8","9,040.0","9,371.8","8,957.1","9.14M","4.67%"
"07/19/2022","8,874.1","8,957.1","9,040.0","8,666.8","7.09M","0.00%"
"07/18/2022","8,874.1","8,717.1","9,031.2","8,677.8","8.51M","3.20%"
"07/15/2022","8,599.3","8,677.8","8,874.1","8,599.3","8.75M","-1.35%"
"07/14/2022","8,717.1","8,206.6","8,795.6","8,167.4","10.97M","5.21%"
"07/13/2022","8,285.2","8,285.2","8,442.2","8,167.4","7.13M","0.96%"
"07/12/2022","8,206.6","8,010.3","8,206.6","7,892.5","6.25M","3.46%"
"07/11/2022","7,931.8","8,206.6","8,363.7","7,814.0","8.55M","-3.81%"
"07/08/2022","8,245.9","8,088.8","8,324.4","7,931.8","7.91M","4.48%"
"07/07/2022","7,892.5","7,845.4","8,049.6","7,774.7","5.74M","0.80%"
"07/06/2022","7,829.7","7,806.1","8,128.1","7,735.4","8.12M","-2.25%"
"07/05/2022","8,010.3","7,931.8","8,245.9","7,696.2","9.65M","0.99%"
"07/04/2022","7,931.8","7,774.7","8,010.3","7,696.2","8.80M","5.54%"
"07/01/2022","7,515.5","7,067.9","7,515.5","7,028.6","9.34M","6.93%"
"06/30/2022","7,028.6","7,601.9","7,735.4","7,028.6","6.40M","-6.87%"
"06/29/2022","7,547.0","7,421.3","7,688.3","7,421.3","5.77M","0.00%"
"06/28/2022","7,547.0","7,656.9","7,829.7","7,507.7","6.07M","-1.44%"
"06/27/2022","7,656.9","7,209.3","7,656.9","7,154.3","5.40M","6.91%"
"06/24/2022","7,162.1","7,146.4","7,295.6","7,091.5","4.70M","0.22%"
"06/23/2022","7,146.4","6,950.1","7,264.2","6,832.3","5.87M","5.20%"
"06/22/2022","6,793.0","6,675.2","6,793.0","6,588.9","7.26M","6.92%"
"06/21/2022","6,353.3","6,141.2","6,895.1","6,054.8","6.98M","-2.18%"
"06/20/2022","6,494.6","6,910.8","7,193.6","6,494.6","8.03M","-6.97%"
"06/17/2022","6,981.5","7,067.9","7,342.8","6,981.5","14.05M","-6.91%"
"06/16/2022","7,499.8","8,245.9","8,324.4","7,492.0","9.55M","-6.83%"
"06/15/2022","8,049.6","8,834.9","8,834.9","8,049.6","10.17M","-6.82%"
"06/14/2022","8,638.6","8,795.6","9,070.5","8,520.8","6.46M","-4.35%"
"06/13/2022","9,031.2","9,188.3","9,502.4","9,031.2","10.48M","-6.88%"
"06/10/2022","9,698.7","9,659.5","10,052.1","9,541.7","10.45M","-1.20%"
"06/09/2022","9,816.5","9,895.1","9,973.6","9,777.3","6.04M","0.40%"
"06/08/2022","9,777.3","9,423.9","9,895.1","9,384.6","7.58M","5.51%"
"06/07/2022","9,266.8","9,423.9","9,502.4","8,952.7","9.11M","-2.48%"
"06/06/2022","9,502.4","9,855.8","10,012.9","9,502.4","9.12M","-3.59%"
"06/03/2022","9,855.8","9,895.1","10,130.7","9,580.9","8.11M","-1.18%"
"06/02/2022","9,973.6","10,169.9","10,366.3","9,895.1","10.60M","-1.93%"
"06/01/2022","10,169.9","10,287.7","10,405.5","9,934.3","7.52M","-1.15%"
"05/31/2022","10,287.7","10,209.2","10,366.3","10,012.9","9.26M","0.00%"
"05/30/2022","10,287.7","10,209.2","10,523.3","10,130.7","9.06M","0.38%"
"05/27/2022","10,248.5","10,209.2","10,366.3","10,052.1","8.06M","0.38%"
"05/26/2022","10,209.2","10,209.2","10,601.9","10,052.1","12.39M","1.56%"
"05/25/2022","10,052.1","9,502.4","10,052.1","9,502.4","11.65M","6.67%"
"05/24/2022","9,423.9","9,345.3","9,463.1","8,795.6","9.82M","0.42%"
"05/23/2022","9,384.6","10,012.9","10,091.4","9,306.1","10.58M","-5.91%"
"05/20/2022","9,973.6","10,130.7","10,366.3","9,816.5","8.46M","0.40%"
"05/19/2022","9,934.3","9,423.9","10,169.9","9,423.9","11.73M","0.80%"
"05/18/2022","9,855.8","9,659.5","9,855.8","9,502.4","6.34M","6.81%"
"05/17/2022","9,227.5","8,481.5","9,227.5","8,481.5","4.08M","6.82%"
"05/16/2022","8,638.6","8,874.1","9,109.7","8,638.6","6.00M","1.38%"
"05/13/2022","8,520.8","9,031.2","9,266.8","8,520.8","7.05M","-6.87%"
"05/12/2022","9,149.0","9,738.0","9,934.3","9,149.0","4.08M","-6.80%"
"05/11/2022","9,816.5","9,973.6","10,052.1","9,423.9","2.93M","0.00%"
"05/10/2022","9,816.5","9,502.4","10,209.2","9,502.4","7.64M","-3.85%"
"05/09/2022","10,209.2","10,601.9","10,601.9","10,209.2","5.11M","-6.81%"
"05/06/2022","10,955.3","11,112.3","11,544.2","10,955.3","5.34M","-7.00%"
"05/05/2022","11,779.8","12,015.4","12,172.5","11,701.3","3.46M","-0.33%"
"05/04/2022","11,819.1","11,936.9","12,172.5","11,779.8","3.02M","-2.90%"
"04/29/2022","12,172.5","11,779.8","12,329.6","11,544.2","5.12M","2.99%"
"04/28/2022","11,819.1","11,858.4","12,172.5","11,779.8","3.55M","-0.99%"
"04/27/2022","11,936.9","11,936.9","12,172.5","11,662.0","2.49M","0.66%"
"04/26/2022","11,858.4","10,837.5","11,858.4","10,601.9","5.35M","5.97%"
"04/25/2022","11,190.8","12,172.5","12,368.8","11,190.8","3.93M","-6.86%"
"04/22/2022","12,015.4","12,408.1","12,761.5","11,779.8","3.82M","-1.29%"
"04/21/2022","12,172.5","11,622.8","12,840.0","11,622.8","8.96M","-2.52%"
"04/20/2022","12,486.6","12,957.8","13,272.0","12,408.1","3.93M","-3.64%"
"04/19/2022","12,957.8","13,703.9","14,057.3","12,800.8","4.69M","-5.71%"
"04/18/2022","13,743.1","14,292.9","14,607.0","13,743.1","6.52M","-6.92%"
"04/15/2022","14,764.1","15,510.1","15,706.5","14,764.1","6.32M","-6.93%"
"04/14/2022","15,863.5","16,963.0","16,963.0","15,863.5","4.35M","-6.05%"
"04/13/2022","16,884.4","16,020.6","17,041.5","15,392.3","4.87M","4.12%"
"04/12/2022","16,216.9","16,020.6","16,452.5","15,196.0","6.80M","1.23%"
"04/08/2022","16,020.6","17,120.0","17,198.6","16,020.6","14.61M","-6.85%"
"04/07/2022","17,198.6","17,748.3","18,023.2","16,963.0","10.66M","-3.10%"
"04/06/2022","17,748.3","18,023.2","18,455.1","17,473.4","17.89M","-5.44%"
"04/05/2022","18,769.2","18,926.3","19,593.8","18,690.7","8.04M","-2.05%"
"04/04/2022","19,161.9","18,376.6","19,318.9","18,219.5","14.48M","6.09%"
"04/01/2022","18,062.4","17,905.4","18,062.4","17,630.5","3.54M","2.00%"
"03/31/2022","17,709.0","17,826.8","18,298.0","17,669.8","3.61M","0.22%"
"03/30/2022","17,669.8","17,983.9","18,337.3","17,434.2","4.65M","-3.23%"
"03/29/2022","18,258.8","17,826.8","18,455.1","17,709.0","4.83M","4.73%"
"03/28/2022","17,434.2","18,101.7","18,258.8","17,394.9","11.19M","-5.53%"
"03/25/2022","18,455.1","18,769.2","18,808.5","18,455.1","6.80M","-1.88%"
"03/24/2022","18,808.5","18,965.5","19,279.7","18,808.5","6.56M","-0.21%"
"03/23/2022","18,847.7","18,337.3","19,004.8","18,101.7","15.45M","3.45%"
"03/22/2022","18,219.5","18,141.0","18,376.6","17,983.9","10.60M","0.87%"
"03/21/2022","18,062.4","18,101.7","18,298.0","18,023.2","7.60M","0.88%"
"03/18/2022","17,905.4","17,434.2","18,180.2","17,198.6","7.81M","3.87%"
"03/17/2022","17,237.8","17,512.7","17,512.7","17,198.6","2.23M","-0.45%"
"03/16/2022","17,316.4","17,512.7","17,591.2","17,237.8","1.83M","0.23%"
"03/15/2022","17,277.1","17,080.8","17,512.7","17,080.8","2.53M","0.92%"
"03/14/2022","17,120.0","17,512.7","17,512.7","16,963.0","3.53M","-2.68%"
"03/11/2022","17,591.2","17,905.4","17,983.9","17,355.6","3.94M","-2.18%"
"03/10/2022","17,983.9","18,337.3","18,455.1","17,983.9","3.17M","0.22%"
"03/09/2022","17,944.6","18,062.4","18,298.0","17,669.8","4.33M","0.22%"
"03/08/2022","17,905.4","17,826.8","18,533.6","17,826.8","6.39M","-1.08%"
"03/07/2022","18,101.7","17,983.9","18,337.3","17,787.6","4.75M","0.66%"
"03/04/2022","17,983.9","17,866.1","18,298.0","17,866.1","3.79M","1.55%"
"03/03/2022","17,709.0","17,669.8","17,787.6","17,355.6","3.63M","1.58%"
"03/02/2022","17,434.2","17,669.8","17,787.6","17,316.4","3.71M","-1.99%"
"03/01/2022","17,787.6","17,905.4","18,023.2","17,709.0","4.22M","-1.09%"
"02/28/2022","17,983.9","17,983.9","18,219.5","17,866.1","4.10M","-1.72%"
"02/25/2022","18,298.0","18,062.4","18,572.9","17,709.0","6.55M","1.97%"
"02/24/2022","17,944.6","18,062.4","18,062.4","17,041.5","12.18M","6.40%"
"02/23/2022","16,864.8","17,015.6","17,015.6","16,593.3","18.15M","0.54%"
"02/22/2022","16,774.3","17,377.7","17,468.2","16,774.3","8.52M","-4.79%"
"02/21/2022","17,619.0","17,257.0","17,739.7","17,196.7","10.17M","2.46%"
"02/18/2022","17,196.7","16,834.6","17,377.7","16,683.8","6.20M","1.06%"
"02/17/2022","17,015.6","17,468.2","17,468.2","16,895.0","4.11M","-1.57%"
"02/16/2022","17,287.2","17,226.8","17,407.9","17,106.2","2.71M","1.42%"
"02/15/2022","17,045.8","17,015.6","17,498.4","16,653.6","3.08M","-0.53%"
"02/14/2022","17,136.3","17,076.0","17,800.1","16,774.3","7.21M","0.18%"
"02/11/2022","17,106.2","16,683.8","17,438.0","16,683.8","4.74M","3.28%"
"02/10/2022","16,563.1","16,412.3","16,895.0","16,261.4","3.95M","0.92%"
"02/09/2022","16,412.3","16,110.6","16,683.8","16,020.1","3.99M","2.26%"
"02/08/2022","16,050.2","16,231.2","16,291.6","15,567.5","2.83M","-1.85%"
"02/07/2022","16,351.9","15,989.9","16,442.4","15,748.5","3.53M","5.04%"
"01/28/2022","15,567.5","15,205.5","15,597.7","15,084.8","3.53M","3.61%"
"01/27/2022","15,024.5","14,541.7","15,054.6","13,998.7","3.69M","3.32%"
"01/26/2022","14,541.7","14,903.8","15,265.8","14,541.7","4.56M","-2.03%"
"01/25/2022","14,843.4","14,119.4","15,084.8","14,119.4","6.47M","-1.40%"
"01/24/2022","15,054.6","15,748.5","15,869.2","15,054.6","6.73M","-6.90%"
"01/21/2022","16,170.9","16,774.3","16,864.8","16,170.9","5.05M","-2.90%"
"01/20/2022","16,653.6","16,110.6","16,774.3","16,050.2","4.53M","3.18%"
"01/19/2022","16,140.7","16,291.6","16,653.6","15,869.2","6.16M","0.56%"
"01/18/2022","16,050.2","16,291.6","16,774.3","16,050.2","11.81M","-6.99%"
"01/17/2022","17,257.0","18,584.5","18,856.0","17,257.0","14.17M","-6.99%"
"01/14/2022","18,554.3","17,981.1","19,006.8","17,860.4","6.41M","0.82%"
"01/13/2022","18,403.4","19,308.5","19,549.9","18,282.8","9.08M","-4.69%"
"01/12/2022","19,308.5","19,308.5","19,911.9","18,222.4","13.02M","-0.47%"
"01/11/2022","19,399.0","20,394.6","20,394.6","19,308.5","8.07M","-2.58%"
"01/10/2022","19,911.9","21,088.5","21,480.7","19,911.9","11.78M","-4.62%"
"01/07/2022","20,877.4","19,670.6","21,118.7","19,670.6","15.31M","5.49%"
"01/06/2022","19,791.2","19,911.9","20,062.8","19,549.9","8.99M","-1.21%"
"01/05/2022","20,032.6","20,153.3","20,485.1","19,942.1","9.99M","-0.30%"
"01/04/2022","20,092.9","20,213.6","20,515.3","19,821.4","8.78M","0.91%"
"12/31/2021","19,911.9","20,274.0","20,817.0","19,911.9","9.26M","-0.30%"
"12/30/2021","19,972.3","18,825.8","19,972.3","18,765.5","13.76M","6.95%"
"12/29/2021","18,675.0","18,675.0","19,067.2","18,403.4","5.27M","0.00%"
"12/28/2021","18,675.0","19,067.2","19,067.2","18,584.5","6.36M","-1.43%"
"12/27/2021","18,946.5","19,459.4","19,459.4","18,524.1","4.30M","3.97%"
"12/24/2021","18,222.4","17,981.1","18,403.4","17,800.1","6.63M","2.03%"
"12/23/2021","17,860.4","18,765.5","18,946.5","17,528.5","13.86M","-4.82%"
"12/22/2021","18,765.5","19,549.9","19,821.4","18,705.1","11.55M","-4.01%"
"12/21/2021","19,549.9","19,429.2","19,851.6","19,399.0","6.67M","-0.61%"
"12/20/2021","19,670.6","19,791.2","20,183.5","19,308.5","8.86M","0.62%"
"12/17/2021","19,549.9","19,067.2","19,549.9","19,067.2","9.02M","2.69%"
"12/16/2021","19,037.0","19,670.6","19,670.6","18,886.2","8.39M","-1.41%"
"12/15/2021","19,308.5","19,911.9","20,062.8","19,308.5","8.24M","-3.61%"
"12/14/2021","20,032.6","19,791.2","20,485.1","19,489.6","11.56M","1.84%"
"12/13/2021","19,670.6","19,399.0","19,851.6","19,127.5","7.09M","1.72%"
"12/10/2021","19,338.7","19,308.5","19,791.2","19,157.7","10.75M","1.10%"
"12/09/2021","19,127.5","17,860.4","19,127.5","17,649.2","9.22M","5.67%"
"12/08/2021","18,101.8","19,067.2","19,127.5","18,101.8","8.31M","-4.46%"
"12/07/2021","18,946.5","18,856.0","19,429.2","17,860.4","18.90M","0.48%"
"12/06/2021","18,856.0","19,670.6","20,092.9","18,856.0","16.80M","-6.86%"
"12/03/2021","20,243.8","21,782.4","22,023.8","20,243.8","31.35M","-6.93%"
"12/02/2021","21,752.3","22,084.1","22,204.8","21,601.4","14.78M","-1.50%"
"12/01/2021","22,084.1","21,842.8","22,566.9","21,842.8","12.08M","0.14%"
"11/30/2021","22,054.0","22,084.1","22,687.5","21,631.6","15.61M","1.95%"
"11/29/2021","21,631.6","19,851.6","21,631.6","19,730.9","29.07M","6.86%"
"11/26/2021","20,243.8","20,515.3","20,877.4","19,972.3","18.76M","0.15%"
"11/25/2021","20,213.6","19,187.9","20,515.3","18,886.2","38.78M","1.52%"
"11/24/2021","19,911.9","20,817.0","20,937.7","19,911.9","11.99M","0.00%"
"11/23/2021","19,911.9","19,067.2","20,092.9","18,101.8","14.72M","3.13%"
"11/22/2021","19,308.5","20,545.5","21,360.1","19,308.5","15.97M","-5.60%"
"11/19/2021","20,455.0","20,515.3","20,907.5","18,403.4","18.53M","4.63%"
"11/18/2021","19,549.9","18,705.1","19,549.9","18,403.4","12.81M","6.93%"
"11/17/2021","18,282.8","18,222.4","18,825.8","17,800.1","9.31M","0.33%"
"11/16/2021","18,222.4","18,614.6","18,614.6","17,800.1","7.65M","-2.27%"
"11/15/2021","18,644.8","18,101.8","18,675.0","17,498.4","11.23M","6.74%"
"11/12/2021","17,468.2","17,860.4","17,920.7","16,955.3","11.21M","-2.20%"
"11/11/2021","17,860.4","17,800.1","18,463.8","16,925.1","14.07M","-0.84%"
"11/10/2021","18,011.2","18,101.8","18,101.8","17,558.7","5.94M","2.58%"
"11/09/2021","17,558.7","17,196.7","17,679.4","16,895.0","13.56M","4.11%"
"11/08/2021","16,864.8","15,989.9","16,864.8","15,869.2","11.96M","6.88%"
"11/05/2021","15,778.7","15,989.9","16,140.7","15,477.0","9.51M","1.95%"
"11/04/2021","15,477.0","14,602.1","15,477.0","14,481.4","10.90M","6.88%"
"11/03/2021","14,481.4","15,386.5","15,477.0","14,481.4","15.99M","-3.81%"
"11/02/2021","15,054.6","14,602.1","15,205.5","14,481.4","10.07M","5.05%"
"11/01/2021","14,330.6","13,757.3","14,330.6","13,606.5","10.73M","6.98%"
"10/29/2021","13,395.3","13,214.3","13,455.6","12,972.9","10.72M","3.74%"
"10/28/2021","12,912.6","12,671.2","13,093.6","12,641.1","8.45M","2.39%"
"10/27/2021","12,610.9","12,550.5","12,641.1","12,369.5","6.22M","0.72%"
"10/26/2021","12,520.4","12,399.7","12,701.4","12,128.2","4.75M","-0.24%"
"10/25/2021","12,550.5","13,033.3","13,033.3","12,550.5","6.12M","-1.89%"
"10/22/2021","12,791.9","12,550.5","12,942.8","12,550.5","8.36M","2.91%"
"10/21/2021","12,429.9","12,309.2","12,550.5","12,098.0","5.68M","0.98%"
"10/20/2021","12,309.2","12,399.7","12,641.1","11,947.2","8.18M","-0.73%"
"10/19/2021","12,399.7","12,429.9","12,822.1","12,218.7","9.31M","2.75%"
"10/18/2021","12,067.8","11,343.8","12,067.8","11,343.8","14.18M","6.95%"
"10/15/2021","11,283.4","11,404.1","11,434.3","11,223.1","3.82M","-0.53%"
"10/14/2021","11,343.8","11,223.1","11,434.3","11,223.1","3.28M","0.54%"
"10/13/2021","11,283.4","11,464.4","11,585.1","11,253.3","3.46M","-1.06%"
"10/12/2021","11,404.1","11,011.9","11,645.5","11,011.9","8.56M","3.56%"
"10/11/2021","11,011.9","10,861.1","11,011.9","10,830.9","4.34M","1.67%"
"10/08/2021","10,830.9","10,981.7","11,011.9","10,830.9","4.39M","-0.83%"
"10/07/2021","10,921.4","10,891.2","11,042.1","10,830.9","3.46M","0.28%"
"10/06/2021","10,891.2","11,102.4","11,192.9","10,891.2","2.54M","-1.63%"
"10/05/2021","11,072.2","10,740.4","11,162.7","10,619.7","4.49M","4.56%"
"10/04/2021","10,589.5","10,680.0","10,740.4","10,468.8","3.34M","-0.57%"
"10/01/2021","10,649.9","10,619.7","10,800.7","10,619.7","2.45M","-1.40%"
"09/30/2021","10,800.7","10,740.4","10,921.4","10,740.4","1.59M","1.13%"
"09/29/2021","10,680.0","10,861.1","10,861.1","10,589.5","2.13M","-1.67%"
"09/28/2021","10,861.1","10,619.7","10,951.6","10,499.0","3.29M","0.56%"
"09/27/2021","10,800.7","11,253.3","11,404.1","10,800.7","4.12M","-4.02%"
"09/24/2021","11,253.3","11,313.6","11,524.8","11,253.3","2.60M","-0.53%"
"09/23/2021","11,313.6","11,343.8","11,705.8","11,162.7","5.35M","0.54%"
"09/22/2021","11,253.3","11,223.1","11,343.8","11,072.2","3.47M","0.27%"
"09/21/2021","11,223.1","11,223.1","11,404.1","11,072.2","4.41M","-2.10%"
"09/20/2021","11,464.4","11,856.6","11,947.2","11,404.1","4.71M","-2.31%"
"09/17/2021","11,736.0","11,736.0","11,947.2","11,555.0","5.04M","3.18%"
"09/16/2021","11,373.9","11,404.1","11,524.8","11,253.3","2.51M","0.27%"
"09/15/2021","11,343.8","10,861.1","11,404.1","10,861.1","5.12M","2.17%"
"09/14/2021","11,102.4","11,253.3","11,313.6","11,042.1","5.72M","-3.16%"
"09/13/2021","11,464.4","11,766.1","11,796.3","11,434.3","4.76M","-3.06%"
"09/10/2021","11,826.5","11,856.6","11,917.0","11,766.1","4.39M","0.00%"
"09/09/2021","11,826.5","12,490.2","12,520.4","11,494.6","18.10M","0.51%"
"09/08/2021","11,766.1","11,766.1","11,766.1","11,766.1","2.30M","6.85%"
"09/07/2021","11,011.9","11,011.9","11,011.9","11,011.9","959.80K","6.77%"
"09/06/2021","10,313.8","10,429.5","10,776.5","10,313.8","25.24M","-0.93%"
"09/01/2021","10,410.2","10,448.7","10,545.1","10,371.6","16.31M","-1.82%"
"08/31/2021","10,603.0","11,065.6","11,065.6","10,603.0","14.94M","-4.18%"
"08/30/2021","11,065.6","11,258.4","11,297.0","11,027.1","10.41M","2.13%"
"08/27/2021","10,834.3","10,140.3","10,834.3","9,889.7","15.38M","6.84%"
"08/26/2021","10,140.3","10,641.5","11,027.1","10,140.3","10.32M","-4.71%"
"08/25/2021","10,641.5","10,988.5","10,988.5","10,333.1","12.20M","-3.67%"
"08/24/2021","11,046.4","11,913.9","12,145.2","11,046.4","25.91M","-6.98%"
"08/23/2021","11,875.3","11,374.1","12,029.5","11,374.1","18.35M","4.41%"
"08/20/2021","11,374.1","11,566.9","11,586.1","10,834.3","33.65M","4.98%"
"08/19/2021","10,834.3","10,275.2","10,834.3","10,255.9","15.02M","6.84%"
"08/18/2021","10,140.3","9,369.2","10,140.3","9,292.0","19.22M","6.91%"
"08/17/2021","9,484.8","9,639.0","9,677.6","9,369.2","12.84M","2.29%"
"08/16/2021","9,272.8","8,945.0","9,272.8","8,887.2","13.93M","6.89%"
"08/13/2021","8,675.1","8,752.3","8,752.3","8,520.9","8.07M","-0.88%"
"08/12/2021","8,752.3","8,733.0","8,867.9","8,713.7","7.50M","-1.52%"
"08/11/2021","8,887.2","9,060.7","9,060.7","8,887.2","6.92M","-1.91%"
"08/10/2021","9,060.7","9,099.3","9,137.8","8,906.5","7.87M","-0.21%"
"08/09/2021","9,080.0","8,829.4","9,176.4","8,810.1","5.90M","1.51%"
"08/06/2021","8,945.0","8,867.9","9,214.9","8,867.9","8.25M","1.98%"
"08/05/2021","8,771.5","8,482.4","8,771.5","8,424.5","8.95M","2.71%"
"08/04/2021","8,540.2","8,482.4","8,655.9","8,405.3","7.38M","1.60%"
"08/03/2021","8,405.3","8,405.3","8,482.4","8,289.6","5.48M","-0.46%"
"08/02/2021","8,443.8","8,559.5","8,578.8","8,366.7","5.20M","-1.35%"
"07/30/2021","8,559.5","8,405.3","8,752.3","8,308.9","6.54M","2.30%"
"07/29/2021","8,366.7","8,405.3","8,482.4","8,270.3","3.57M","0.00%"
"07/28/2021","8,366.7","8,366.7","8,482.4","8,289.6","7.53M","-1.81%"
"07/27/2021","8,520.9","8,675.1","8,771.5","8,443.8","6.46M","-1.78%"
"07/26/2021","8,675.1","8,328.1","8,752.3","8,193.2","6.65M","3.45%"
"07/23/2021","8,386.0","7,846.2","8,386.0","7,711.2","16.18M","6.88%"
"07/22/2021","7,846.2","7,865.5","7,923.3","7,595.6","6.24M","-0.25%"
"07/21/2021","7,865.5","8,096.8","8,096.8","7,749.8","4.96M","-0.73%"
"07/20/2021","7,923.3","7,595.6","7,981.1","7,402.8","12.66M","-0.24%"
"07/19/2021","7,942.6","7,981.1","8,212.5","7,942.6","7.83M","-6.79%"
"07/16/2021","8,520.9","8,598.0","8,675.1","8,424.5","4.95M","-0.90%"
"07/15/2021","8,598.0","8,386.0","8,675.1","8,328.1","4.83M","2.53%"
"07/14/2021","8,386.0","8,347.4","8,694.4","8,096.8","8.91M","1.64%"
"07/13/2021","8,251.0","8,636.6","8,694.4","8,019.7","11.74M","-4.25%"
"07/12/2021","8,617.3","8,906.5","9,041.4","8,617.3","7.64M","-6.88%"
"07/09/2021","9,253.5","9,639.0","9,831.8","9,214.9","10.02M","-6.25%"
"07/08/2021","9,870.4","10,255.9","10,255.9","9,831.8","4.66M","-3.40%"
"07/07/2021","10,217.4","9,986.1","10,217.4","9,369.2","11.70M","2.32%"
"07/06/2021","9,986.1","10,680.1","10,680.1","9,986.1","15.77M","-6.67%"
"07/05/2021","10,699.3","10,950.0","10,969.2","10,603.0","10.29M","-2.46%"
"07/02/2021","10,969.2","11,142.7","11,181.3","10,872.8","10.90M","-0.18%"
"07/01/2021","10,988.5","10,872.8","11,219.9","10,718.6","12.33M","0.89%"
"06/30/2021","10,892.1","11,046.4","11,104.2","10,892.1","9.81M","-2.08%"
"06/29/2021","11,123.5","11,297.0","11,470.5","11,084.9","13.88M","-1.54%"
"06/28/2021","11,297.0","11,701.8","11,759.6","11,297.0","13.08M","-1.01%"
"06/25/2021","11,412.6","11,297.0","11,547.6","11,027.1","7.88M","2.42%"
"06/24/2021","11,142.7","11,316.2","11,335.5","11,142.7","5.88M","-0.86%"
"06/23/2021","11,239.1","11,412.6","11,644.0","11,181.3","7.10M","-1.85%"
"06/22/2021","11,451.2","11,817.5","11,952.4","11,431.9","8.75M","-1.33%"
"06/21/2021","11,605.4","11,046.4","11,740.4","11,027.1","16.27M","5.61%"
"06/18/2021","10,988.5","10,853.6","11,104.2","10,853.6","7.33M","1.60%"
"06/17/2021","10,815.0","10,757.2","10,872.8","10,603.0","6.85M","-0.71%"
"06/16/2021","10,892.1","10,969.2","11,142.7","10,795.7","6.80M","-0.70%"
"06/15/2021","10,969.2","10,911.4","11,181.3","10,892.1","8.26M","0.71%"
"06/14/2021","10,892.1","10,699.3","11,162.0","10,506.6","12.35M","1.80%"
"06/11/2021","10,699.3","10,795.7","10,872.8","10,448.7","8.35M","2.59%"
"06/10/2021","10,429.5","10,603.0","10,872.8","10,371.6","8.96M","-1.64%"
"06/09/2021","10,603.0","10,487.3","11,123.5","10,024.6","18.22M","-1.26%"
"06/08/2021","10,737.9","11,374.1","11,431.9","10,737.9","15.12M","-6.86%"
"06/07/2021","11,528.3","12,048.8","12,068.1","11,181.3","17.88M","-3.55%"
"06/04/2021","11,952.4","12,530.8","12,627.2","11,605.4","20.37M","-4.03%"
"06/03/2021","12,453.7","11,913.9","12,627.2","11,913.9","20.97M","5.21%"
"06/02/2021","11,836.8","11,277.7","11,933.1","11,219.9","14.92M","0.99%"
"06/01/2021","11,721.1","11,316.2","11,856.0","11,316.2","16.15M","5.74%"
"05/31/2021","11,084.9","10,410.2","11,084.9","10,410.2","21.94M","6.88%"
"05/28/2021","10,371.6","10,217.4","10,371.6","10,043.9","12.69M","1.51%"
"05/27/2021","10,217.4","10,564.4","10,583.7","10,140.3","5.92M","-3.28%"
"05/26/2021","10,564.4","10,333.1","10,737.9","10,217.4","10.68M","0.74%"
"05/25/2021","10,487.3","10,410.2","10,487.3","10,217.4","7.85M","0.00%"
"05/24/2021","10,487.3","10,410.2","10,487.3","10,043.9","10.85M","1.49%"
"05/21/2021","10,333.1","10,429.5","10,757.2","10,294.5","6.25M","-3.94%"
"05/20/2021","10,757.2","10,178.8","10,815.0","10,178.8","11.90M","5.88%"
"05/19/2021","10,159.6","9,908.9","10,178.8","9,793.3","6.71M","5.19%"
"05/18/2021","9,658.3","10,101.7","10,217.4","9,561.9","20.32M","-5.65%"
"05/17/2021","10,236.7","10,834.3","10,930.7","10,217.4","16.67M","-5.18%"
"05/14/2021","10,795.7","10,737.9","11,142.7","10,737.9","11.22M","0.54%"
"05/13/2021","10,737.9","11,007.8","11,007.8","10,737.9","15.65M","-2.45%"
"05/12/2021","11,007.8","11,181.3","11,219.9","10,776.5","18.70M","-2.89%"
"05/11/2021","11,335.5","11,624.7","11,644.0","11,181.3","16.07M","-2.33%"
"05/10/2021","11,605.4","11,798.2","11,875.3","11,528.3","20.30M","-1.63%"
"05/07/2021","11,798.2","11,663.2","12,048.8","11,663.2","19.65M","1.16%"
"05/06/2021","11,663.2","11,586.1","11,875.3","11,547.6","9.91M","0.83%"
"05/05/2021","11,566.9","12,010.3","12,010.3","11,528.3","22.39M","-5.51%"
"05/04/2021","12,241.6","12,723.5","12,723.5","12,241.6","22.89M","-6.89%"
"04/29/2021","13,147.7","13,070.6","13,417.6","12,704.3","24.92M","0.44%"
"04/28/2021","13,089.8","13,436.8","13,610.3","13,089.8","25.16M","-14.85%"
"04/27/2021","15,372.1","14,714.2","15,416.0","14,275.7","33.67M","2.04%"
"04/26/2021","15,065.1","14,867.7","15,350.2","14,670.4","23.80M","1.48%"
"04/23/2021","14,845.8","13,881.0","14,845.8","13,859.0","29.45M","6.95%"
"04/22/2021","13,881.0","12,938.0","13,881.0","12,806.4","38.19M","6.93%"
"04/20/2021","12,981.9","13,003.8","13,201.2","12,828.4","10.41M","0.00%"
"04/19/2021","12,981.9","12,631.0","13,003.8","12,411.7","10.74M","2.78%"
"04/16/2021","12,631.0","12,718.7","12,872.2","12,258.2","12.29M","-1.54%"
"04/15/2021","12,828.4","13,223.1","13,223.1","12,828.4","11.12M","-2.82%"
"04/14/2021","13,201.2","13,025.7","13,310.8","12,959.9","11.22M","0.33%"
"04/13/2021","13,157.3","13,486.2","13,486.2","12,938.0","14.32M","-2.91%"
"04/12/2021","13,552.0","13,639.7","13,705.5","13,376.6","11.36M","-1.12%"
"04/09/2021","13,705.5","13,705.5","13,815.2","13,530.1","8.13M","-0.48%"
"04/08/2021","13,771.3","13,508.2","13,815.2","13,508.2","12.09M","1.95%"
"04/07/2021","13,508.2","13,508.2","13,530.1","13,157.3","9.79M","0.16%"
"04/06/2021","13,486.2","13,420.4","13,683.6","13,135.4","13.34M","-0.81%"
"04/05/2021","13,595.9","13,727.5","13,749.4","13,201.2","14.28M","-0.96%"
"04/02/2021","13,727.5","14,056.4","14,144.1","13,376.6","11.41M","-2.03%"
"04/01/2021","14,012.5","13,595.9","14,078.3","13,530.1","9.29M","3.23%"
"03/31/2021","13,573.9","13,157.3","13,946.7","12,696.8","17.03M","3.17%"
"03/30/2021","13,157.3","13,727.5","13,793.2","13,091.5","21.09M","-6.40%"
"03/29/2021","14,056.4","14,495.0","14,495.0","14,012.5","11.83M","-2.88%"
"03/26/2021","14,473.0","14,823.9","14,823.9","13,793.2","13.92M","-2.37%"
"03/25/2021","14,823.9","13,946.7","14,911.6","13,201.2","26.94M","6.29%"
"03/24/2021","13,946.7","14,714.2","14,736.2","13,902.9","18.12M","-6.61%"
"03/23/2021","14,933.5","15,613.3","15,613.3","14,604.6","15.69M","-4.35%"
"03/22/2021","15,613.3","15,854.5","15,876.5","15,130.9","17.32M","-1.25%"
"03/19/2021","15,810.7","16,380.8","16,380.8","15,350.2","20.87M","-3.48%"
"03/18/2021","16,380.8","17,082.6","17,148.3","16,183.5","15.22M","-3.86%"
"03/17/2021","17,038.7","17,104.5","17,323.8","16,644.0","15.53M","-0.38%"
"03/16/2021","17,104.5","18,179.0","18,179.0","16,907.1","16.68M","-5.91%"
"03/15/2021","18,179.0","17,038.7","18,179.0","17,016.8","18.93M","6.97%"
"03/12/2021","16,994.8","15,942.3","16,994.8","15,832.6","18.96M","6.90%"
"03/11/2021","15,898.4","15,876.5","15,942.3","15,350.2","13.29M","0.69%"
"03/10/2021","15,788.8","16,446.6","16,468.6","15,635.3","13.14M","-4.13%"
"03/09/2021","16,468.6","17,630.8","17,652.7","16,402.8","17.15M","-6.59%"
"03/08/2021","17,630.8","17,674.6","17,981.6","17,477.3","19.34M","0.12%"
"03/05/2021","17,608.9","17,038.7","17,630.8","16,205.4","18.21M","3.75%"
"03/04/2021","16,972.9","16,665.9","16,972.9","16,161.6","13.36M","2.79%"
"03/03/2021","16,512.4","15,569.5","16,512.4","15,416.0","17.68M","6.96%"
"03/02/2021","15,437.9","15,087.0","15,437.9","14,429.2","11.34M","3.07%"
"03/01/2021","14,977.4","15,284.4","15,394.0","14,473.0","10.01M","-1.44%"
"02/26/2021","15,196.7","14,209.9","15,196.7","14,012.5","15.68M","6.94%"
"02/25/2021","14,209.9","13,354.7","14,209.9","13,135.4","10.81M","6.93%"
"02/24/2021","13,288.9","13,990.6","13,990.6","13,179.2","12.19M","-5.02%"
"02/23/2021","13,990.6","13,157.3","13,990.6","12,850.3","17.08M","6.87%"
"02/22/2021","13,091.5","12,433.6","13,091.5","12,411.7","14.19M","6.99%"
"02/19/2021","12,236.3","11,403.0","12,236.3","11,205.6","13.89M","6.90%"
"02/18/2021","11,446.9","11,731.9","11,753.9","11,403.0","4.15M","-2.43%"
"02/17/2021","11,731.9","11,534.6","11,797.7","11,534.6","4.28M","2.29%"
"02/09/2021","11,468.8","11,096.0","11,556.5","11,052.1","6.14M","3.56%"
"02/08/2021","11,074.1","11,446.9","11,556.5","10,920.6","6.64M","-2.88%"
"02/05/2021","11,403.0","11,381.1","11,424.9","11,183.7","3.65M","0.78%"
"02/04/2021","11,315.3","11,490.7","11,600.4","11,183.7","5.29M","-1.15%"
"02/03/2021","11,446.9","10,745.1","11,446.9","10,701.3","6.59M","6.97%"
"02/02/2021","10,701.3","10,131.1","10,701.3","9,868.0","8.34M","6.55%"
"02/01/2021","10,043.4","10,196.9","10,547.8","9,999.5","8.45M","-0.22%"
"01/29/2021","10,065.3","8,749.6","10,065.3","8,749.6","4.76M","6.99%"
"01/28/2021","9,407.5","9,407.5","9,517.1","9,407.5","4.20M","-6.94%"
"01/27/2021","10,109.2","10,854.8","11,008.3","10,109.2","6.49M","-6.87%"
"01/26/2021","10,854.8","11,622.3","11,622.3","10,745.1","5.24M","-5.53%"
"01/25/2021","11,490.7","11,951.2","11,951.2","11,183.7","6.86M","-3.32%"
"01/22/2021","11,885.4","12,126.6","12,236.3","11,644.2","9.50M","-1.81%"
"01/21/2021","12,104.7","11,951.2","12,148.6","11,841.6","8.12M","1.47%"
"01/20/2021","11,929.3","11,710.0","11,929.3","11,052.1","12.36M","0.55%"
"01/19/2021","11,863.5","12,674.9","12,674.9","11,710.0","11.54M","-5.75%"
"01/18/2021","12,587.2","12,060.9","12,587.2","11,995.1","13.25M","6.89%"
"01/15/2021","11,775.8","11,293.3","11,775.8","11,139.8","11.42M","6.97%"
"01/14/2021","11,008.3","10,832.8","11,030.2","10,525.8","7.61M","1.62%"
"01/13/2021","10,832.8","11,008.3","11,008.3","10,679.3","6.92M","-1.59%"
"01/12/2021","11,008.3","10,854.8","11,074.1","10,679.3","6.60M","1.41%"
"01/11/2021","10,854.8","11,096.0","11,096.0","10,701.3","7.27M","1.64%"
"01/08/2021","10,679.3","10,679.3","10,679.3","10,679.3","1.05M","5.87%"