Date,Close,Open,High,Low,Volume,Change
2021-01-08,10679.3,10679.3,10679.3,10679.3,1050000.0,0.0587
2021-01-11,10854.8,11096.0,11096.0,10701.3,7270000.0,0.016399999999999998
2021-01-12,11008.3,10854.8,11074.1,10679.3,6600000.0,0.0141
2021-01-13,10832.8,11008.3,11008.3,10679.3,6920000.0,-0.0159
2021-01-14,11008.3,10832.8,11030.2,10525.8,7610000.0,0.016200000000000003
2021-01-15,11775.8,11293.3,11775.8,11139.8,11420000.0,0.0697
2021-01-18,12587.2,12060.9,12587.2,11995.1,13250000.0,0.0689
2021-01-19,11863.5,12674.9,12674.9,11710.0,11540000.0,-0.0575
2021-01-20,11929.3,11710.0,11929.3,11052.1,12360000.0,0.0055000000000000005
2021-01-21,12104.7,11951.2,12148.6,11841.6,8119999.999999999,0.0147
2021-01-22,11885.4,12126.6,12236.3,11644.2,9500000.0,-0.0181
2021-01-25,11490.7,11951.2,11951.2,11183.7,6860000.0,-0.0332
2021-01-26,10854.8,11622.3,11622.3,10745.1,5240000.0,-0.0553
2021-01-27,10109.2,10854.8,11008.3,10109.2,6490000.0,-0.0687
2021-01-28,9407.5,9407.5,9517.1,9407.5,4200000.0,-0.0694
2021-01-29,10065.3,8749.6,10065.3,8749.6,4760000.0,0.0699
2021-02-01,10043.4,10196.9,10547.8,9999.5,8450000.0,-0.0022
2021-02-02,10701.3,10131.1,10701.3,9868.0,8340000.0,0.0655
2021-02-03,11446.9,10745.1,11446.9,10701.3,6590000.0,0.0697
2021-02-04,11315.3,11490.7,11600.4,11183.7,5290000.0,-0.0115
2021-02-05,11403.0,11381.1,11424.9,11183.7,3650000.0,0.0078000000000000005
2021-02-08,11074.1,11446.9,11556.5,10920.6,6640000.0,-0.0288
2021-02-09,11468.8,11096.0,11556.5,11052.1,6140000.0,0.0356
2021-02-17,11731.9,11534.6,11797.7,11534.6,4280000.0,0.0229
2021-02-18,11446.9,11731.9,11753.9,11403.0,4150000.0000000005,-0.024300000000000002
2021-02-19,12236.3,11403.0,12236.3,11205.6,13890000.0,0.069
2021-02-22,13091.5,12433.6,13091.5,12411.7,14190000.0,0.0699
2021-02-23,13990.6,13157.3,13990.6,12850.3,17080000.0,0.0687
2021-02-24,13288.9,13990.6,13990.6,13179.2,12190000.0,-0.050199999999999995
2021-02-25,14209.9,13354.7,14209.9,13135.4,10810000.0,0.0693
2021-02-26,15196.7,14209.9,15196.7,14012.5,15680000.0,0.0694
2021-03-01,14977.4,15284.4,15394.0,14473.0,10010000.0,-0.0144
2021-03-02,15437.9,15087.0,15437.9,14429.2,11340000.0,0.030699999999999998
2021-03-03,16512.4,15569.5,16512.4,15416.0,17680000.0,0.0696
2021-03-04,16972.9,16665.9,16972.9,16161.6,13360000.0,0.0279
2021-03-05,17608.9,17038.7,17630.8,16205.4,18210000.0,0.0375
2021-03-08,17630.8,17674.6,17981.6,17477.3,19340000.0,0.0012
2021-03-09,16468.6,17630.8,17652.7,16402.8,17150000.0,-0.0659
2021-03-10,15788.8,16446.6,16468.6,15635.3,13140000.0,-0.041299999999999996
2021-03-11,15898.4,15876.5,15942.3,15350.2,13290000.0,0.0069
2021-03-12,16994.8,15942.3,16994.8,15832.6,18960000.0,0.069
2021-03-15,18179.0,17038.7,18179.0,17016.8,18930000.0,0.0697
2021-03-16,17104.5,18179.0,18179.0,16907.1,16680000.0,-0.0591
2021-03-17,17038.7,17104.5,17323.8,16644.0,15530000.0,-0.0038
2021-03-18,16380.8,17082.6,17148.3,16183.5,15220000.0,-0.038599999999999995
2021-03-19,15810.7,16380.8,16380.8,15350.2,20870000.0,-0.0348
2021-03-22,15613.3,15854.5,15876.5,15130.9,17320000.0,-0.0125
2021-03-23,14933.5,15613.3,15613.3,14604.6,15690000.0,-0.0435
2021-03-24,13946.7,14714.2,14736.2,13902.9,18120000.0,-0.0661
2021-03-25,14823.9,13946.7,14911.6,13201.2,26940000.0,0.0629
2021-03-26,14473.0,14823.9,14823.9,13793.2,13920000.0,-0.023700000000000002
2021-03-29,14056.4,14495.0,14495.0,14012.5,11830000.0,-0.0288
2021-03-30,13157.3,13727.5,13793.2,13091.5,21090000.0,-0.064
2021-03-31,13573.9,13157.3,13946.7,12696.8,17030000.0,0.0317
2021-04-01,14012.5,13595.9,14078.3,13530.1,9290000.0,0.0323
2021-04-02,13727.5,14056.4,14144.1,13376.6,11410000.0,-0.0203
2021-04-05,13595.9,13727.5,13749.4,13201.2,14280000.0,-0.0096
2021-04-06,13486.2,13420.4,13683.6,13135.4,13340000.0,-0.008100000000000001
2021-04-07,13508.2,13508.2,13530.1,13157.3,9790000.0,0.0016
2021-04-08,13771.3,13508.2,13815.2,13508.2,12090000.0,0.0195
2021-04-09,13705.5,13705.5,13815.2,13530.1,8130000.000000001,-0.0048
2021-04-12,13552.0,13639.7,13705.5,13376.6,11360000.0,-0.011200000000000002
2021-04-13,13157.3,13486.2,13486.2,12938.0,14320000.0,-0.0291
2021-04-14,13201.2,13025.7,13310.8,12959.9,11220000.0,0.0033
2021-04-15,12828.4,13223.1,13223.1,12828.4,11120000.0,-0.0282
2021-04-16,12631.0,12718.7,12872.2,12258.2,12290000.0,-0.0154
2021-04-19,12981.9,12631.0,13003.8,12411.7,10740000.0,0.0278
2021-04-20,12981.9,13003.8,13201.2,12828.4,10410000.0,0.0
2021-04-22,13881.0,12938.0,13881.0,12806.4,38190000.0,0.0693
2021-04-23,14845.8,13881.0,14845.8,13859.0,29450000.0,0.0695
2021-04-26,15065.1,14867.7,15350.2,14670.4,23800000.0,0.0148
2021-04-27,15372.1,14714.2,15416.0,14275.7,33670000.0,0.0204
2021-04-28,13089.8,13436.8,13610.3,13089.8,25160000.0,-0.1485
2021-04-29,13147.7,13070.6,13417.6,12704.3,24920000.0,0.0044
2021-05-04,12241.6,12723.5,12723.5,12241.6,22890000.0,-0.0689
2021-05-05,11566.9,12010.3,12010.3,11528.3,22390000.0,-0.055099999999999996
2021-05-06,11663.2,11586.1,11875.3,11547.6,9910000.0,0.0083
2021-05-07,11798.2,11663.2,12048.8,11663.2,19650000.0,0.0116
2021-05-10,11605.4,11798.2,11875.3,11528.3,20300000.0,-0.0163
2021-05-11,11335.5,11624.7,11644.0,11181.3,16070000.0,-0.0233
2021-05-12,11007.8,11181.3,11219.9,10776.5,18700000.0,-0.028900000000000002
2021-05-13,10737.9,11007.8,11007.8,10737.9,15650000.0,-0.0245
2021-05-14,10795.7,10737.9,11142.7,10737.9,11220000.0,0.0054
2021-05-17,10236.7,10834.3,10930.7,10217.4,16670000.000000002,-0.0518
2021-05-18,9658.3,10101.7,10217.4,9561.9,20320000.0,-0.0565
2021-05-19,10159.6,9908.9,10178.8,9793.3,6710000.0,0.0519
2021-05-20,10757.2,10178.8,10815.0,10178.8,11900000.0,0.0588
2021-05-21,10333.1,10429.5,10757.2,10294.5,6250000.0,-0.0394
2021-05-24,10487.3,10410.2,10487.3,10043.9,10850000.0,0.0149
2021-05-25,10487.3,10410.2,10487.3,10217.4,7850000.0,0.0
2021-05-26,10564.4,10333.1,10737.9,10217.4,10680000.0,0.0074
2021-05-27,10217.4,10564.4,10583.7,10140.3,5920000.0,-0.032799999999999996
2021-05-28,10371.6,10217.4,10371.6,10043.9,12690000.0,0.0151
2021-05-31,11084.9,10410.2,11084.9,10410.2,21940000.0,0.0688
2021-06-01,11721.1,11316.2,11856.0,11316.2,16149999.999999998,0.0574
2021-06-02,11836.8,11277.7,11933.1,11219.9,14920000.0,0.009899999999999999
2021-06-03,12453.7,11913.9,12627.2,11913.9,20970000.0,0.0521
2021-06-04,11952.4,12530.8,12627.2,11605.4,20370000.0,-0.0403
2021-06-07,11528.3,12048.8,12068.1,11181.3,17880000.0,-0.0355
2021-06-08,10737.9,11374.1,11431.9,10737.9,15120000.0,-0.06860000000000001
2021-06-09,10603.0,10487.3,11123.5,10024.6,18220000.0,-0.0126
2021-06-10,10429.5,10603.0,10872.8,10371.6,8960000.0,-0.016399999999999998
2021-06-11,10699.3,10795.7,10872.8,10448.7,8350000.0,0.0259
2021-06-14,10892.1,10699.3,11162.0,10506.6,12350000.0,0.018000000000000002
2021-06-15,10969.2,10911.4,11181.3,10892.1,8260000.0,0.0070999999999999995
2021-06-16,10892.1,10969.2,11142.7,10795.7,6800000.0,-0.006999999999999999
2021-06-17,10815.0,10757.2,10872.8,10603.0,6850000.0,-0.0070999999999999995
2021-06-18,10988.5,10853.6,11104.2,10853.6,7330000.0,0.016
2021-06-21,11605.4,11046.4,11740.4,11027.1,16270000.0,0.056100000000000004
2021-06-22,11451.2,11817.5,11952.4,11431.9,8750000.0,-0.013300000000000001
2021-06-23,11239.1,11412.6,11644.0,11181.3,7100000.0,-0.018500000000000003
2021-06-24,11142.7,11316.2,11335.5,11142.7,5880000.0,-0.0086
2021-06-25,11412.6,11297.0,11547.6,11027.1,7880000.0,0.0242
2021-06-28,11297.0,11701.8,11759.6,11297.0,13080000.0,-0.0101
2021-06-29,11123.5,11297.0,11470.5,11084.9,13880000.0,-0.0154
2021-06-30,10892.1,11046.4,11104.2,10892.1,9810000.0,-0.0208
2021-07-01,10988.5,10872.8,11219.9,10718.6,12330000.0,0.0089
2021-07-02,10969.2,11142.7,11181.3,10872.8,10900000.0,-0.0018
2021-07-05,10699.3,10950.0,10969.2,10603.0,10290000.0,-0.0246
2021-07-06,9986.1,10680.1,10680.1,9986.1,15770000.0,-0.0667
2021-07-07,10217.4,9986.1,10217.4,9369.2,11700000.0,0.0232
2021-07-08,9870.4,10255.9,10255.9,9831.8,4660000.0,-0.034
2021-07-09,9253.5,9639.0,9831.8,9214.9,10020000.0,-0.0625
2021-07-12,8617.3,8906.5,9041.4,8617.3,7640000.0,-0.0688
2021-07-13,8251.0,8636.6,8694.4,8019.7,11740000.0,-0.0425
2021-07-14,8386.0,8347.4,8694.4,8096.8,8910000.0,0.016399999999999998
2021-07-15,8598.0,8386.0,8675.1,8328.1,4830000.0,0.0253
2021-07-16,8520.9,8598.0,8675.1,8424.5,4950000.0,-0.009000000000000001
2021-07-19,7942.6,7981.1,8212.5,7942.6,7830000.0,-0.0679
2021-07-20,7923.3,7595.6,7981.1,7402.8,12660000.0,-0.0024
2021-07-21,7865.5,8096.8,8096.8,7749.8,4960000.0,-0.0073
2021-07-22,7846.2,7865.5,7923.3,7595.6,6240000.0,-0.0025
2021-07-23,8386.0,7846.2,8386.0,7711.2,16180000.0,0.0688
2021-07-26,8675.1,8328.1,8752.3,8193.2,6650000.0,0.0345
2021-07-27,8520.9,8675.1,8771.5,8443.8,6460000.0,-0.0178
2021-07-28,8366.7,8366.7,8482.4,8289.6,7530000.0,-0.0181
2021-07-29,8366.7,8405.3,8482.4,8270.3,3570000.0,0.0
2021-07-30,8559.5,8405.3,8752.3,8308.9,6540000.0,0.023
2021-08-02,8443.8,8559.5,8578.8,8366.7,5200000.0,-0.013500000000000002
2021-08-03,8405.3,8405.3,8482.4,8289.6,5480000.0,-0.0046
2021-08-04,8540.2,8482.4,8655.9,8405.3,7380000.0,0.016
2021-08-05,8771.5,8482.4,8771.5,8424.5,8950000.0,0.0271
2021-08-06,8945.0,8867.9,9214.9,8867.9,8250000.0,0.019799999999999998
2021-08-09,9080.0,8829.4,9176.4,8810.1,5900000.0,0.0151
2021-08-10,9060.7,9099.3,9137.8,8906.5,7870000.0,-0.0021
2021-08-11,8887.2,9060.7,9060.7,8887.2,6920000.0,-0.0191
2021-08-12,8752.3,8733.0,8867.9,8713.7,7500000.0,-0.0152
2021-08-13,8675.1,8752.3,8752.3,8520.9,8070000.0,-0.0088
2021-08-16,9272.8,8945.0,9272.8,8887.2,13930000.0,0.0689
2021-08-17,9484.8,9639.0,9677.6,9369.2,12840000.0,0.0229
2021-08-18,10140.3,9369.2,10140.3,9292.0,19220000.0,0.0691
2021-08-19,10834.3,10275.2,10834.3,10255.9,15020000.0,0.0684
2021-08-20,11374.1,11566.9,11586.1,10834.3,33650000.0,0.049800000000000004
2021-08-23,11875.3,11374.1,12029.5,11374.1,18350000.0,0.0441
2021-08-24,11046.4,11913.9,12145.2,11046.4,25910000.0,-0.0698
2021-08-25,10641.5,10988.5,10988.5,10333.1,12200000.0,-0.036699999999999997
2021-08-26,10140.3,10641.5,11027.1,10140.3,10320000.0,-0.0471
2021-08-27,10834.3,10140.3,10834.3,9889.7,15380000.0,0.0684
2021-08-30,11065.6,11258.4,11297.0,11027.1,10410000.0,0.0213
2021-08-31,10603.0,11065.6,11065.6,10603.0,14940000.0,-0.0418
2021-09-01,10410.2,10448.7,10545.1,10371.6,16309999.999999998,-0.0182
2021-09-06,10313.8,10429.5,10776.5,10313.8,25240000.0,-0.009300000000000001
2021-09-07,11011.9,11011.9,11011.9,11011.9,959800.0,0.0677
2021-09-08,11766.1,11766.1,11766.1,11766.1,2300000.0,0.06849999999999999
2021-09-09,11826.5,12490.2,12520.4,11494.6,18100000.0,0.0051
2021-09-10,11826.5,11856.6,11917.0,11766.1,4390000.0,0.0
2021-09-13,11464.4,11766.1,11796.3,11434.3,4760000.0,-0.030600000000000002
2021-09-14,11102.4,11253.3,11313.6,11042.1,5720000.0,-0.0316
2021-09-15,11343.8,10861.1,11404.1,10861.1,5120000.0,0.0217
2021-09-16,11373.9,11404.1,11524.8,11253.3,2510000.0,0.0027
2021-09-17,11736.0,11736.0,11947.2,11555.0,5040000.0,0.0318
2021-09-20,11464.4,11856.6,11947.2,11404.1,4710000.0,-0.0231
2021-09-21,11223.1,11223.1,11404.1,11072.2,4410000.0,-0.021
2021-09-22,11253.3,11223.1,11343.8,11072.2,3470000.0,0.0027
2021-09-23,11313.6,11343.8,11705.8,11162.7,5350000.0,0.0054
2021-09-24,11253.3,11313.6,11524.8,11253.3,2600000.0,-0.0053
2021-09-27,10800.7,11253.3,11404.1,10800.7,4120000.0,-0.04019999999999999
2021-09-28,10861.1,10619.7,10951.6,10499.0,3290000.0,0.005600000000000001
2021-09-29,10680.0,10861.1,10861.1,10589.5,2130000.0,-0.0167
2021-09-30,10800.7,10740.4,10921.4,10740.4,1590000.0,0.0113
2021-10-01,10649.9,10619.7,10800.7,10619.7,2450000.0,-0.013999999999999999
2021-10-04,10589.5,10680.0,10740.4,10468.8,3340000.0,-0.005699999999999999
2021-10-05,11072.2,10740.4,11162.7,10619.7,4490000.0,0.045599999999999995
2021-10-06,10891.2,11102.4,11192.9,10891.2,2540000.0,-0.0163
2021-10-07,10921.4,10891.2,11042.1,10830.9,3460000.0,0.0028000000000000004
2021-10-08,10830.9,10981.7,11011.9,10830.9,4390000.0,-0.0083
2021-10-11,11011.9,10861.1,11011.9,10830.9,4340000.0,0.0167
2021-10-12,11404.1,11011.9,11645.5,11011.9,8560000.0,0.0356
2021-10-13,11283.4,11464.4,11585.1,11253.3,3460000.0,-0.0106
2021-10-14,11343.8,11223.1,11434.3,11223.1,3280000.0,0.0054
2021-10-15,11283.4,11404.1,11434.3,11223.1,3820000.0,-0.0053
2021-10-18,12067.8,11343.8,12067.8,11343.8,14180000.0,0.0695
2021-10-19,12399.7,12429.9,12822.1,12218.7,9310000.0,0.0275
2021-10-20,12309.2,12399.7,12641.1,11947.2,8180000.0,-0.0073
2021-10-21,12429.9,12309.2,12550.5,12098.0,5680000.0,0.0098
2021-10-22,12791.9,12550.5,12942.8,12550.5,8359999.999999999,0.0291
2021-10-25,12550.5,13033.3,13033.3,12550.5,6120000.0,-0.0189
2021-10-26,12520.4,12399.7,12701.4,12128.2,4750000.0,-0.0024
2021-10-27,12610.9,12550.5,12641.1,12369.5,6220000.0,0.0072
2021-10-28,12912.6,12671.2,13093.6,12641.1,8450000.0,0.0239
2021-10-29,13395.3,13214.3,13455.6,12972.9,10720000.0,0.0374
2021-11-01,14330.6,13757.3,14330.6,13606.5,10730000.0,0.0698
2021-11-02,15054.6,14602.1,15205.5,14481.4,10070000.0,0.050499999999999996
2021-11-03,14481.4,15386.5,15477.0,14481.4,15990000.0,-0.0381
2021-11-04,15477.0,14602.1,15477.0,14481.4,10900000.0,0.0688
2021-11-05,15778.7,15989.9,16140.7,15477.0,9510000.0,0.0195
2021-11-08,16864.8,15989.9,16864.8,15869.2,11960000.0,0.0688
2021-11-09,17558.7,17196.7,17679.4,16895.0,13560000.0,0.041100000000000005
2021-11-10,18011.2,18101.8,18101.8,17558.7,5940000.0,0.0258
2021-11-11,17860.4,17800.1,18463.8,16925.1,14070000.0,-0.0084
2021-11-12,17468.2,17860.4,17920.7,16955.3,11210000.0,-0.022000000000000002
2021-11-15,18644.8,18101.8,18675.0,17498.4,11230000.0,0.0674
2021-11-16,18222.4,18614.6,18614.6,17800.1,7650000.0,-0.0227
2021-11-17,18282.8,18222.4,18825.8,17800.1,9310000.0,0.0033
2021-11-18,19549.9,18705.1,19549.9,18403.4,12810000.0,0.0693
2021-11-19,20455.0,20515.3,20907.5,18403.4,18530000.0,0.0463
2021-11-22,19308.5,20545.5,21360.1,19308.5,15970000.0,-0.055999999999999994
2021-11-23,19911.9,19067.2,20092.9,18101.8,14720000.0,0.0313
2021-11-24,19911.9,20817.0,20937.7,19911.9,11990000.0,0.0
2021-11-25,20213.6,19187.9,20515.3,18886.2,38780000.0,0.0152
2021-11-26,20243.8,20515.3,20877.4,19972.3,18760000.0,0.0015
2021-11-29,21631.6,19851.6,21631.6,19730.9,29070000.0,0.06860000000000001
2021-11-30,22054.0,22084.1,22687.5,21631.6,15610000.0,0.0195
2021-12-01,22084.1,21842.8,22566.9,21842.8,12080000.0,0.0014000000000000002
2021-12-02,21752.3,22084.1,22204.8,21601.4,14780000.0,-0.015
2021-12-03,20243.8,21782.4,22023.8,20243.8,31350000.0,-0.0693
2021-12-06,18856.0,19670.6,20092.9,18856.0,16800000.0,-0.06860000000000001
2021-12-07,18946.5,18856.0,19429.2,17860.4,18900000.0,0.0048
2021-12-08,18101.8,19067.2,19127.5,18101.8,8310000.000000001,-0.0446
2021-12-09,19127.5,17860.4,19127.5,17649.2,9220000.0,0.0567
2021-12-10,19338.7,19308.5,19791.2,19157.7,10750000.0,0.011000000000000001
2021-12-13,19670.6,19399.0,19851.6,19127.5,7090000.0,0.0172
2021-12-14,20032.6,19791.2,20485.1,19489.6,11560000.0,0.0184
2021-12-15,19308.5,19911.9,20062.8,19308.5,8240000.0,-0.0361
2021-12-16,19037.0,19670.6,19670.6,18886.2,8390000.0,-0.0141
2021-12-17,19549.9,19067.2,19549.9,19067.2,9020000.0,0.0269
2021-12-20,19670.6,19791.2,20183.5,19308.5,8860000.0,0.0062
2021-12-21,19549.9,19429.2,19851.6,19399.0,6670000.0,-0.0060999999999999995
2021-12-22,18765.5,19549.9,19821.4,18705.1,11550000.0,-0.0401
2021-12-23,17860.4,18765.5,18946.5,17528.5,13860000.0,-0.0482
2021-12-24,18222.4,17981.1,18403.4,17800.1,6630000.0,0.0203
2021-12-27,18946.5,19459.4,19459.4,18524.1,4300000.0,0.0397
2021-12-28,18675.0,19067.2,19067.2,18584.5,6360000.0,-0.0143
2021-12-29,18675.0,18675.0,19067.2,18403.4,5270000.0,0.0
2021-12-30,19972.3,18825.8,19972.3,18765.5,13760000.0,0.0695
2021-12-31,19911.9,20274.0,20817.0,19911.9,9260000.0,-0.003
2022-01-04,20092.9,20213.6,20515.3,19821.4,8780000.0,0.0091
2022-01-05,20032.6,20153.3,20485.1,19942.1,9990000.0,-0.003
2022-01-06,19791.2,19911.9,20062.8,19549.9,8990000.0,-0.0121
2022-01-07,20877.4,19670.6,21118.7,19670.6,15310000.0,0.054900000000000004
2022-01-10,19911.9,21088.5,21480.7,19911.9,11780000.0,-0.0462
2022-01-11,19399.0,20394.6,20394.6,19308.5,8070000.0,-0.0258
2022-01-12,19308.5,19308.5,19911.9,18222.4,13020000.0,-0.004699999999999999
2022-01-13,18403.4,19308.5,19549.9,18282.8,9080000.0,-0.046900000000000004
2022-01-14,18554.3,17981.1,19006.8,17860.4,6410000.0,0.008199999999999999
2022-01-17,17257.0,18584.5,18856.0,17257.0,14170000.0,-0.0699
2022-01-18,16050.2,16291.6,16774.3,16050.2,11810000.0,-0.0699
2022-01-19,16140.7,16291.6,16653.6,15869.2,6160000.0,0.005600000000000001
2022-01-20,16653.6,16110.6,16774.3,16050.2,4530000.0,0.0318
2022-01-21,16170.9,16774.3,16864.8,16170.9,5050000.0,-0.028999999999999998
2022-01-24,15054.6,15748.5,15869.2,15054.6,6730000.0,-0.069
2022-01-25,14843.4,14119.4,15084.8,14119.4,6470000.0,-0.013999999999999999
2022-01-26,14541.7,14903.8,15265.8,14541.7,4560000.0,-0.0203
2022-01-27,15024.5,14541.7,15054.6,13998.7,3690000.0,0.0332
2022-01-28,15567.5,15205.5,15597.7,15084.8,3530000.0,0.0361
2022-02-07,16351.9,15989.9,16442.4,15748.5,3530000.0,0.0504
2022-02-08,16050.2,16231.2,16291.6,15567.5,2830000.0,-0.018500000000000003
2022-02-09,16412.3,16110.6,16683.8,16020.1,3990000.0,0.0226
2022-02-10,16563.1,16412.3,16895.0,16261.4,3950000.0,0.0092
2022-02-11,17106.2,16683.8,17438.0,16683.8,4740000.0,0.032799999999999996
2022-02-14,17136.3,17076.0,17800.1,16774.3,7210000.0,0.0018
2022-02-15,17045.8,17015.6,17498.4,16653.6,3080000.0,-0.0053
2022-02-16,17287.2,17226.8,17407.9,17106.2,2710000.0,0.014199999999999999
2022-02-17,17015.6,17468.2,17468.2,16895.0,4110000.0000000005,-0.015700000000000002
2022-02-18,17196.7,16834.6,17377.7,16683.8,6200000.0,0.0106
2022-02-21,17619.0,17257.0,17739.7,17196.7,10170000.0,0.0246
2022-02-22,16774.3,17377.7,17468.2,16774.3,8520000.0,-0.0479
2022-02-23,16864.8,17015.6,17015.6,16593.3,18150000.0,0.0054
2022-02-24,17944.6,18062.4,18062.4,17041.5,12180000.0,0.064
2022-02-25,18298.0,18062.4,18572.9,17709.0,6550000.0,0.0197
2022-02-28,17983.9,17983.9,18219.5,17866.1,4099999.9999999995,-0.0172
2022-03-01,17787.6,17905.4,18023.2,17709.0,4220000.0,-0.0109
2022-03-02,17434.2,17669.8,17787.6,17316.4,3710000.0,-0.0199
2022-03-03,17709.0,17669.8,17787.6,17355.6,3630000.0,0.0158
2022-03-04,17983.9,17866.1,18298.0,17866.1,3790000.0,0.0155
2022-03-07,18101.7,17983.9,18337.3,17787.6,4750000.0,0.0066
2022-03-08,17905.4,17826.8,18533.6,17826.8,6390000.0,-0.0108
2022-03-09,17944.6,18062.4,18298.0,17669.8,4330000.0,0.0022
2022-03-10,17983.9,18337.3,18455.1,17983.9,3170000.0,0.0022
2022-03-11,17591.2,17905.4,17983.9,17355.6,3940000.0,-0.0218
2022-03-14,17120.0,17512.7,17512.7,16963.0,3530000.0,-0.0268
2022-03-15,17277.1,17080.8,17512.7,17080.8,2530000.0,0.0092
2022-03-16,17316.4,17512.7,17591.2,17237.8,1830000.0,0.0023
2022-03-17,17237.8,17512.7,17512.7,17198.6,2230000.0,-0.0045000000000000005
2022-03-18,17905.4,17434.2,18180.2,17198.6,7810000.0,0.0387
2022-03-21,18062.4,18101.7,18298.0,18023.2,7600000.0,0.0088
2022-03-22,18219.5,18141.0,18376.6,17983.9,10600000.0,0.0087
2022-03-23,18847.7,18337.3,19004.8,18101.7,15450000.0,0.0345
2022-03-24,18808.5,18965.5,19279.7,18808.5,6560000.0,-0.0021
2022-03-25,18455.1,18769.2,18808.5,18455.1,6800000.0,-0.018799999999999997
2022-03-28,17434.2,18101.7,18258.8,17394.9,11190000.0,-0.0553
2022-03-29,18258.8,17826.8,18455.1,17709.0,4830000.0,0.0473
2022-03-30,17669.8,17983.9,18337.3,17434.2,4650000.0,-0.0323
2022-03-31,17709.0,17826.8,18298.0,17669.8,3610000.0,0.0022
2022-04-01,18062.4,17905.4,18062.4,17630.5,3540000.0,0.02
2022-04-04,19161.9,18376.6,19318.9,18219.5,14480000.0,0.060899999999999996
2022-04-05,18769.2,18926.3,19593.8,18690.7,8039999.999999999,-0.020499999999999997
2022-04-06,17748.3,18023.2,18455.1,17473.4,17890000.0,-0.054400000000000004
2022-04-07,17198.6,17748.3,18023.2,16963.0,10660000.0,-0.031
2022-04-08,16020.6,17120.0,17198.6,16020.6,14610000.0,-0.06849999999999999
2022-04-12,16216.9,16020.6,16452.5,15196.0,6800000.0,0.0123
2022-04-13,16884.4,16020.6,17041.5,15392.3,4870000.0,0.0412
2022-04-14,15863.5,16963.0,16963.0,15863.5,4350000.0,-0.0605
2022-04-15,14764.1,15510.1,15706.5,14764.1,6320000.0,-0.0693
2022-04-18,13743.1,14292.9,14607.0,13743.1,6520000.0,-0.0692
2022-04-19,12957.8,13703.9,14057.3,12800.8,4690000.0,-0.0571
2022-04-20,12486.6,12957.8,13272.0,12408.1,3930000.0,-0.0364
2022-04-21,12172.5,11622.8,12840.0,11622.8,8960000.0,-0.0252
2022-04-22,12015.4,12408.1,12761.5,11779.8,3820000.0,-0.0129
2022-04-25,11190.8,12172.5,12368.8,11190.8,3930000.0,-0.06860000000000001
2022-04-26,11858.4,10837.5,11858.4,10601.9,5350000.0,0.059699999999999996
2022-04-27,11936.9,11936.9,12172.5,11662.0,2490000.0,0.0066
2022-04-28,11819.1,11858.4,12172.5,11779.8,3550000.0,-0.009899999999999999
2022-04-29,12172.5,11779.8,12329.6,11544.2,5120000.0,0.029900000000000003
2022-05-04,11819.1,11936.9,12172.5,11779.8,3020000.0,-0.028999999999999998
2022-05-05,11779.8,12015.4,12172.5,11701.3,3460000.0,-0.0033
2022-05-06,10955.3,11112.3,11544.2,10955.3,5340000.0,-0.07
2022-05-09,10209.2,10601.9,10601.9,10209.2,5110000.0,-0.0681
2022-05-10,9816.5,9502.4,10209.2,9502.4,7640000.0,-0.0385
2022-05-11,9816.5,9973.6,10052.1,9423.9,2930000.0,0.0
2022-05-12,9149.0,9738.0,9934.3,9149.0,4080000.0,-0.068
2022-05-13,8520.8,9031.2,9266.8,8520.8,7050000.0,-0.0687
2022-05-16,8638.6,8874.1,9109.7,8638.6,6000000.0,0.0138
2022-05-17,9227.5,8481.5,9227.5,8481.5,4080000.0,0.0682
2022-05-18,9855.8,9659.5,9855.8,9502.4,6340000.0,0.0681
2022-05-19,9934.3,9423.9,10169.9,9423.9,11730000.0,0.008
2022-05-20,9973.6,10130.7,10366.3,9816.5,8460000.0,0.004
2022-05-23,9384.6,10012.9,10091.4,9306.1,10580000.0,-0.0591
2022-05-24,9423.9,9345.3,9463.1,8795.6,9820000.0,0.0042
2022-05-25,10052.1,9502.4,10052.1,9502.4,11650000.0,0.0667
2022-05-26,10209.2,10209.2,10601.9,10052.1,12390000.0,0.015600000000000001
2022-05-27,10248.5,10209.2,10366.3,10052.1,8060000.000000001,0.0038
2022-05-30,10287.7,10209.2,10523.3,10130.7,9060000.0,0.0038
2022-05-31,10287.7,10209.2,10366.3,10012.9,9260000.0,0.0
2022-06-01,10169.9,10287.7,10405.5,9934.3,7520000.0,-0.0115
2022-06-02,9973.6,10169.9,10366.3,9895.1,10600000.0,-0.019299999999999998
2022-06-03,9855.8,9895.1,10130.7,9580.9,8109999.999999999,-0.0118
2022-06-06,9502.4,9855.8,10012.9,9502.4,9120000.0,-0.0359
2022-06-07,9266.8,9423.9,9502.4,8952.7,9110000.0,-0.0248
2022-06-08,9777.3,9423.9,9895.1,9384.6,7580000.0,0.055099999999999996
2022-06-09,9816.5,9895.1,9973.6,9777.3,6040000.0,0.004
2022-06-10,9698.7,9659.5,10052.1,9541.7,10450000.0,-0.012
2022-06-13,9031.2,9188.3,9502.4,9031.2,10480000.0,-0.0688
2022-06-14,8638.6,8795.6,9070.5,8520.8,6460000.0,-0.0435
2022-06-15,8049.6,8834.9,8834.9,8049.6,10170000.0,-0.0682
2022-06-16,7499.8,8245.9,8324.4,7492.0,9550000.0,-0.0683
2022-06-17,6981.5,7067.9,7342.8,6981.5,14050000.0,-0.0691
2022-06-20,6494.6,6910.8,7193.6,6494.6,8029999.999999999,-0.0697
2022-06-21,6353.3,6141.2,6895.1,6054.8,6980000.0,-0.0218
2022-06-22,6793.0,6675.2,6793.0,6588.9,7260000.0,0.0692
2022-06-23,7146.4,6950.1,7264.2,6832.3,5870000.0,0.052000000000000005
2022-06-24,7162.1,7146.4,7295.6,7091.5,4700000.0,0.0022
2022-06-27,7656.9,7209.3,7656.9,7154.3,5400000.0,0.0691
2022-06-28,7547.0,7656.9,7829.7,7507.7,6070000.0,-0.0144
2022-06-29,7547.0,7421.3,7688.3,7421.3,5770000.0,0.0
2022-06-30,7028.6,7601.9,7735.4,7028.6,6400000.0,-0.0687
2022-07-01,7515.5,7067.9,7515.5,7028.6,9340000.0,0.0693
2022-07-04,7931.8,7774.7,8010.3,7696.2,8800000.0,0.0554
2022-07-05,8010.3,7931.8,8245.9,7696.2,9650000.0,0.009899999999999999
2022-07-06,7829.7,7806.1,8128.1,7735.4,8119999.999999999,-0.0225
2022-07-07,7892.5,7845.4,8049.6,7774.7,5740000.0,0.008
2022-07-08,8245.9,8088.8,8324.4,7931.8,7910000.0,0.044800000000000006
2022-07-11,7931.8,8206.6,8363.7,7814.0,8550000.0,-0.0381
2022-07-12,8206.6,8010.3,8206.6,7892.5,6250000.0,0.0346
2022-07-13,8285.2,8285.2,8442.2,8167.4,7130000.0,0.0096
2022-07-14,8717.1,8206.6,8795.6,8167.4,10970000.0,0.0521
2022-07-15,8599.3,8677.8,8874.1,8599.3,8750000.0,-0.013500000000000002
2022-07-18,8874.1,8717.1,9031.2,8677.8,8510000.0,0.032
2022-07-19,8874.1,8957.1,9040.0,8666.8,7090000.0,0.0
2022-07-20,9288.8,9040.0,9371.8,8957.1,9140000.0,0.0467
2022-07-21,9081.5,9205.9,9288.8,8998.5,5750000.0,-0.0223
2022-07-22,8915.6,9123.0,9164.4,8832.7,6410000.0,-0.0183
2022-07-25,8832.7,8832.7,9040.0,8625.3,7550000.0,-0.009300000000000001
2022-07-26,8749.7,8832.7,8874.1,8708.3,3390000.0,-0.009399999999999999
2022-07-27,8874.1,8583.9,8915.6,8583.9,4840000.0,0.014199999999999999
2022-07-28,9205.9,9081.5,9330.3,8957.1,9630000.0,0.0374
2022-07-29,9205.9,9205.9,9371.8,9123.0,7570000.0,0.0
2022-08-01,9786.4,9288.8,9827.9,9205.9,13960000.0,0.06309999999999999
2022-08-02,9745.0,9827.9,10035.2,9662.0,10190000.0,-0.0042
2022-08-03,9910.8,9620.6,9952.3,9579.1,9060000.0,0.017
2022-08-04,9952.3,10242.6,10242.6,9827.9,10730000.0,0.0042
2022-08-05,10615.8,9869.4,10615.8,9869.4,14620000.0,0.0667
2022-08-08,10947.5,10781.7,11196.3,10698.7,16090000.0,0.031200000000000002
2022-08-09,11030.5,10823.1,11071.9,10698.7,10250000.0,0.0076
2022-08-10,11030.5,10864.6,11279.3,10781.7,10290000.0,0.0
2022-08-11,10615.8,11279.3,11403.7,10491.4,16120000.000000002,-0.037599999999999995
2022-08-12,11320.8,10615.8,11320.8,10615.8,19930000.0,0.0664
2022-08-15,11528.1,11694.0,11859.8,11486.6,13390000.0,0.0183
2022-08-16,11611.0,11528.1,11735.4,11403.7,7640000.0,0.0072
2022-08-17,11611.0,11611.0,11859.8,11486.6,11070000.0,0.0
2022-08-18,11942.8,11528.1,12067.2,11445.2,14090000.0,0.0286
2022-08-19,12150.1,11942.8,12398.9,11942.8,13720000.0,0.0174
2022-08-22,12316.0,12150.1,12564.8,12025.7,13780000.0,0.0137
2022-08-23,12440.4,12191.6,12440.4,11859.8,13090000.0,0.0101
2022-08-24,12398.9,12481.9,12606.3,12316.0,11260000.0,-0.0033
2022-08-25,12440.4,12398.9,12689.2,12357.5,11580000.0,0.0033
2022-08-26,12395.6,12747.3,12879.1,12395.6,9370000.0,-0.0036
2022-08-29,12131.9,12000.0,12131.9,11560.4,16129999.999999998,-0.0213
2022-08-30,11780.2,12351.6,12395.6,11780.2,7260000.0,-0.028999999999999998
2022-08-31,11956.0,11604.4,12000.0,11516.5,7990000.0,0.0149
2022-09-05,11780.2,11956.0,12131.9,11780.2,4980000.0,-0.0147
2022-09-06,11472.5,11956.0,12000.0,11472.5,9700000.0,-0.026099999999999998
2022-09-07,10725.3,11472.5,11604.4,10681.3,12520000.0,-0.06509999999999999
2022-09-08,10549.5,10901.1,10945.1,10505.5,9700000.0,-0.016399999999999998
2022-09-09,10813.2,10725.3,10813.2,10065.9,6650000.0,0.025
2022-09-12,10637.4,10989.0,11033.0,10593.4,3290000.0,-0.0163
2022-09-13,10549.5,10725.3,10725.3,10417.6,4620000.0,-0.0083
2022-09-14,10857.1,10197.8,10901.1,10197.8,7090000.0,0.0292
2022-09-15,10637.4,10989.0,10989.0,10637.4,4420000.0,-0.0202
2022-09-16,10505.5,10549.5,10681.3,10197.8,6700000.0,-0.0124
2022-09-19,9802.2,10417.6,10505.5,9802.2,7700000.0,-0.0669
2022-09-20,10109.9,9934.1,10109.9,9230.8,10980000.0,0.031400000000000004
2022-09-21,9802.2,10065.9,10109.9,9714.3,4990000.0,-0.0304
2022-09-22,10022.0,9582.4,10153.8,9582.4,9110000.0,0.022400000000000003
2022-09-23,9714.3,10065.9,10109.9,9670.3,8090000.0,-0.030699999999999998
2022-09-26,9142.9,9450.6,9538.5,9054.9,16800000.0,-0.0588
2022-09-27,8879.1,9274.7,9318.7,8835.2,9250000.0,-0.028900000000000002
2022-09-28,8791.2,8791.2,9054.9,8747.3,9140000.0,-0.009899999999999999
2022-09-29,8175.8,9054.9,9098.9,8175.8,9340000.0,-0.07
2022-09-30,8615.4,8131.9,8615.4,7727.5,10350000.0,0.0538
2022-10-03,8017.6,8571.4,8597.8,8017.6,6740000.0,-0.0694
2022-10-04,7586.8,8219.8,8219.8,7586.8,10330000.0,-0.0537
2022-10-05,8096.7,7780.2,8105.5,7771.4,8750000.0,0.0672
2022-10-06,7534.1,8096.7,8105.5,7534.1,12990000.0,-0.0695
2022-10-07,7015.4,7129.7,7454.9,7015.4,19520000.0,-0.0688
2022-10-10,7138.5,6681.3,7252.7,6584.6,9670000.0,0.0175
2022-10-11,6646.2,7120.9,7120.9,6646.2,7740000.0,-0.069
2022-10-12,6681.3,6241.8,7024.2,6241.8,11450000.0,0.0053
2022-10-13,6505.5,6760.4,6813.2,6461.5,8820000.0,-0.0263
2022-10-14,6953.8,6945.1,6953.8,6804.4,11220000.0,0.0689
2022-10-17,7296.7,6953.8,7296.7,6909.9,14700000.0,0.0493
2022-10-18,7270.3,7551.6,7560.4,7270.3,12510000.0,-0.0036
2022-10-19,7112.1,7340.7,7375.8,7068.1,8880000.0,-0.0218
2022-10-20,6839.6,7033.0,7094.5,6769.2,8700000.0,-0.0383
2022-10-21,6364.8,6857.1,6892.3,6364.8,13610000.0,-0.0694
2022-10-24,5925.3,6356.0,6364.8,5925.3,12470000.0,-0.0691
2022-10-25,5802.2,5600.0,6329.7,5512.1,12460000.0,-0.0208
2022-10-26,5538.5,5934.1,6057.1,5538.5,5050000.0,-0.0454
2022-10-27,5925.3,5670.3,5925.3,5626.4,10690000.0,0.0698
2022-10-28,6338.5,6197.8,6338.5,6153.8,19100000.0,0.0697
2022-10-31,6593.4,6338.5,6681.3,6074.7,12130000.0,0.04019999999999999
2022-11-01,6751.6,6725.3,6909.9,6628.6,14710000.0,0.024
2022-11-02,6628.6,6751.6,6813.2,6575.8,9770000.0,-0.0182
2022-11-03,6628.6,6417.6,6716.5,6417.6,9480000.0,0.0
2022-11-04,6171.4,6593.4,6593.4,6171.4,14900000.0,-0.069
2022-11-07,5740.7,6180.2,6285.7,5740.7,11640000.0,-0.0698
2022-11-08,6118.7,5538.5,6118.7,5494.5,8380000.000000001,0.0658
2022-11-09,6153.8,6241.8,6391.2,6048.4,6860000.0,0.005699999999999999
2022-11-10,5723.1,5978.0,6083.5,5723.1,6250000.0,-0.07
2022-11-11,5362.6,5811.0,5960.4,5362.6,11840000.0,-0.063
2022-11-14,4993.4,5186.8,5213.2,4993.4,14870000.0,-0.0688
2022-11-15,4650.6,4676.9,4826.4,4650.6,8950000.0,-0.0687
2022-11-16,4975.8,4325.3,4975.8,4325.3,17410000.0,0.0699
2022-11-17,5318.7,5160.4,5318.7,5151.6,6870000.0,0.0689
2022-11-18,5687.9,5362.6,5687.9,5019.8,22410000.0,0.0694
2022-11-21,5978.0,5846.2,6039.6,5652.7,15000000.0,0.051
2022-11-22,6022.0,5890.1,6391.2,5793.4,20830000.0,0.0074
2022-11-23,5661.5,5925.3,6127.5,5661.5,11090000.0,-0.0599
2022-11-24,6057.1,5608.8,6057.1,5494.5,12310000.0,0.0699
2022-11-25,6479.1,6391.2,6479.1,6197.8,14900000.0,0.0697
2022-11-28,6681.3,6593.4,6822.0,6162.6,39750000.0,0.031200000000000002
2022-11-29,6804.4,6681.3,7112.1,6400.0,20540000.0,0.0184
2022-11-30,6909.9,6822.0,7059.3,6593.4,17410000.0,0.0155
2022-12-01,5625.4,5660.5,5913.7,5505.8,35540000.0,-0.1859
2022-12-02,6012.1,5519.9,6012.1,5393.3,27050000.0,0.0687
2022-12-05,6061.4,6258.2,6286.4,5984.0,30970000.0,0.008199999999999999
2022-12-06,5639.4,5948.8,6061.4,5639.4,35130000.0,-0.0696
2022-12-07,5245.7,5604.3,5618.4,5245.7,29350000.0,-0.0698
2022-12-08,5611.3,5386.3,5611.3,5372.2,26950000.0,0.0697
2022-12-09,5948.8,5892.6,5955.9,5695.7,33660000.0,0.0601
2022-12-12,5548.0,6047.3,6244.2,5548.0,30610000.0,-0.0674
2022-12-13,5927.8,5569.1,5927.8,5407.4,22690000.0,0.06849999999999999
2022-12-14,5920.7,6082.4,6103.5,5836.3,20150000.0,-0.0012
2022-12-15,5815.2,5801.2,5962.9,5646.5,18130000.0,-0.0178
2022-12-16,5836.3,5709.8,5892.6,5660.5,19930000.0,0.0036
2022-12-19,5836.3,5906.7,6216.1,5822.3,36040000.0,0.0
2022-12-20,5428.5,5836.3,5899.6,5428.5,36360000.0,-0.0699
2022-12-21,5048.8,5555.1,5583.2,5048.8,29620000.0,-0.0699
2022-12-22,5062.8,5133.2,5168.3,4788.6,18810000.0,0.0028000000000000004
2022-12-23,4880.0,5027.7,5119.1,4851.9,11950000.0,-0.0361
2022-12-26,4542.5,4866.0,4880.0,4542.5,20440000.0,-0.0692
2022-12-27,4858.9,4493.3,4858.9,4437.0,15580000.0,0.0697
2022-12-28,4781.6,4851.9,4901.1,4739.4,8980000.0,-0.0159
2022-12-29,4697.2,4732.4,4837.8,4676.1,7820000.0,-0.0177
2022-12-30,4570.6,4746.4,4760.5,4570.6,9280000.0,-0.027000000000000003
2023-01-03,4887.1,4584.7,4887.1,4577.7,13890000.0,0.0692
2023-01-04,4894.1,4992.5,5126.1,4894.1,16670000.000000002,0.0014000000000000002
2023-01-05,5013.6,4971.4,5055.8,4858.9,12860000.0,0.024399999999999998
2023-01-06,4943.3,5034.7,5161.3,4929.2,14420000.0,-0.013999999999999999
2023-01-09,4957.4,5006.6,5027.7,4957.4,10750000.0,0.0029
2023-01-10,4922.2,4971.4,4992.5,4795.6,9460000.0,-0.0070999999999999995
2023-01-11,4950.3,4978.5,5133.2,4950.3,11430000.0,0.005699999999999999
2023-01-12,5027.7,4964.4,5055.8,4957.4,9600000.0,0.015600000000000001
2023-01-13,5126.1,5048.8,5238.6,5048.8,20570000.0,0.0196
2023-01-16,5098.0,5126.1,5147.2,4985.5,9620000.0,-0.0055000000000000005
2023-01-17,5344.1,5133.2,5344.1,5098.0,14840000.0,0.0483
2023-01-18,5344.1,5379.3,5407.4,5252.7,14780000.0,0.0
2023-01-19,5449.6,5238.6,5470.7,5224.6,20120000.0,0.0197
2023-01-27,5625.4,5498.8,5723.8,5463.7,19000000.0,0.0323
2023-01-30,5463.7,5625.4,5660.5,5463.7,20960000.0,-0.0287
2023-01-31,5555.1,5463.7,5555.1,5245.7,23760000.0,0.0167
2023-02-01,5168.3,5618.4,5653.5,5168.3,28820000.0,-0.0696
2023-02-02,5098.0,5203.5,5238.6,5076.9,15660000.0,-0.013600000000000001
2023-02-03,5154.3,5133.2,5210.5,5069.9,10310000.0,0.011000000000000001
2023-02-06,5344.1,5098.0,5344.1,5062.8,9050000.0,0.0368
2023-02-07,5154.3,5337.1,5428.5,5140.2,15190000.0,-0.0355
2023-02-08,5231.6,5203.5,5309.0,5105.0,9300000.0,0.015
2023-02-09,5224.6,5238.6,5309.0,5182.4,6340000.0,-0.0013
2023-02-10,5034.7,5203.5,5231.6,5034.7,11000000.0,-0.0363
2023-02-13,4683.1,4985.5,4985.5,4683.1,21320000.0,-0.0698
2023-02-14,4753.5,4711.3,4774.5,4676.1,5780000.0,0.015
2023-02-15,4816.7,4711.3,4901.1,4711.3,7580000.0,0.013300000000000001
2023-02-16,5048.8,4887.1,5055.8,4887.1,8980000.0,0.0482
2023-02-17,5055.8,4999.6,5168.3,4999.6,10490000.0,0.0014000000000000002
2023-02-20,5372.2,5069.9,5379.3,5069.9,11670000.0,0.0626
2023-02-21,5238.6,5449.6,5456.6,5238.6,12180000.0,-0.024900000000000002
2023-02-22,4943.3,4957.4,5119.1,4936.3,17890000.0,-0.0564
2023-02-23,4922.2,4915.2,4929.2,4697.2,17800000.0,-0.0043
2023-02-24,4767.5,4978.5,4978.5,4767.5,18000000.0,-0.031400000000000004
2023-02-27,4640.9,4697.2,4739.4,4626.9,18460000.0,-0.026600000000000002
2023-02-28,4619.8,4711.3,4774.5,4619.8,11040000.0,-0.0045000000000000005
2023-03-01,4866.0,4640.9,4866.0,4591.7,7410000.0,0.0533
2023-03-02,4781.6,4908.1,4908.1,4774.5,4710000.0,-0.0173
2023-03-03,4676.1,4795.6,4844.9,4676.1,4630000.0,-0.022099999999999998
2023-03-06,4746.4,4746.4,4851.9,4746.4,4190000.0000000005,0.015
2023-03-07,4767.5,4753.5,4809.7,4697.2,5150000.0,0.0044
2023-03-08,4816.7,4711.3,4823.8,4697.2,5390000.0,0.0103
2023-03-09,4880.0,4837.8,4957.4,4837.8,9980000.0,0.0131
2023-03-10,4788.6,4844.9,4858.9,4788.6,3510000.0,-0.0187
2023-03-13,4760.5,4732.4,4781.6,4697.2,8460000.0,-0.0059
2023-03-14,4732.4,4767.5,4809.7,4704.2,6700000.0,-0.0059
2023-03-15,5062.8,4908.1,5062.8,4844.9,21790000.0,0.0698
2023-03-16,4922.2,4992.5,5048.8,4922.2,9230000.0,-0.0278
2023-03-17,5119.1,4999.6,5119.1,4908.1,13230000.0,0.04
2023-03-20,4894.1,5034.7,5041.8,4894.1,6970000.0,-0.044000000000000004
2023-03-21,4964.4,4992.5,4992.5,4851.9,3220000.0,0.0144
2023-03-22,4957.4,5020.7,5020.7,4957.4,4330000.0,-0.0014000000000000002
2023-03-23,4971.4,4887.1,5020.7,4887.1,8260000.0,0.0028000000000000004
2023-03-24,5105.0,5041.8,5168.3,5034.7,14700000.0,0.0269
2023-03-27,5337.1,5133.2,5393.3,5126.1,23020000.0,0.0455
2023-03-28,5323.0,5435.5,5505.8,5294.9,18050000.0,-0.0026
2023-03-29,5330.1,5309.0,5365.2,5238.6,10600000.0,0.0013
2023-03-30,5323.0,5477.7,5477.7,5316.0,14460000.0,-0.0013
2023-03-31,5414.4,5323.0,5484.8,5217.5,20460000.0,0.0172
2023-04-03,5653.5,5653.5,5653.5,5562.1,20750000.0,0.044199999999999996
2023-04-04,5801.2,5667.6,5822.3,5583.2,24390000.0,0.026099999999999998
2023-04-05,5864.5,5766.0,5885.6,5709.8,15020000.0,0.0109
2023-04-06,5548.0,5892.6,5969.9,5484.8,24450000.0,-0.054000000000000006
2023-04-07,5674.6,5569.1,5695.7,5526.9,22980000.0,0.022799999999999997
2023-04-10,5730.9,5836.3,5955.9,5709.8,21560000.0,0.009899999999999999
2023-04-11,5836.3,5723.8,5836.3,5590.2,20610000.0,0.0184
2023-04-12,5695.7,5864.5,5871.5,5688.7,15730000.0,-0.0241
2023-04-13,5555.1,5702.7,5737.9,5526.9,23100000.0,-0.024700000000000003
2023-04-14,5273.8,5597.3,5618.4,5273.8,24350000.0,-0.0506
2023-04-17,5393.3,5309.0,5414.4,5273.8,13190000.0,0.0227
2023-04-18,5484.8,5414.4,5526.9,5365.2,12900000.0,0.017
2023-04-19,5365.2,5519.9,5611.3,5351.1,13070000.0,-0.0218
2023-04-20,5358.2,5365.2,5414.4,5344.1,6940000.0,-0.0013
2023-04-21,5449.6,5372.2,5611.3,5372.2,18240000.0,0.0171
2023-04-24,5653.5,5449.6,5688.7,5386.3,24460000.0,0.0374
2023-04-25,5498.8,5709.8,5787.1,5456.6,20210000.0,-0.0274
2023-04-26,5555.1,5484.8,5576.2,5477.7,12950000.0,0.0102
2023-04-27,5498.8,5569.1,5639.4,5484.8,11210000.0,-0.0101
2023-04-28,5583.2,5526.9,5604.3,5512.9,11470000.0,0.015300000000000001
2023-05-04,5969.9,5590.2,5969.9,5548.0,53310000.0,0.0693
2023-05-05,6180.9,5984.0,6223.1,5984.0,34370000.0,0.0353
2023-05-08,6187.9,6265.3,6398.9,6187.9,36250000.0,0.0011
2023-05-09,6616.9,6202.0,6616.9,6110.6,39170000.0,0.0693
2023-05-10,6757.5,6715.3,6820.8,6715.3,20050000.0,0.0212
2023-05-11,6645.0,6750.5,6813.7,6630.9,28740000.0,-0.0166
2023-05-12,7031.7,6645.0,7031.7,6546.5,31520000.0,0.0582
2023-05-15,6785.6,7207.5,7277.8,6785.6,30970000.0,-0.035
2023-05-16,7242.7,6820.8,7242.7,6792.7,33420000.0,0.0674
2023-05-17,6989.5,7242.7,7348.2,6947.4,24880000.0,-0.035
2023-05-18,6680.1,7031.7,7207.5,6680.1,31290000.0,-0.0443
2023-05-19,6891.1,6750.5,6898.1,6680.1,33189999.999999996,0.0316
2023-05-22,6933.3,6961.4,7102.1,6834.8,22510000.0,0.0060999999999999995
2023-05-23,6855.9,6996.6,7066.9,6799.7,30830000.0,-0.011200000000000002
2023-05-24,6884.1,6912.2,6989.5,6827.8,34040000.0,0.0040999999999999995
2023-05-25,6998.8,7038.8,7150.7,6974.8,24030000.0,0.0167
2023-05-26,7262.7,7022.8,7438.7,6974.8,23740000.0,0.0377
2023-05-29,7598.7,7374.7,7598.7,7318.7,19450000.0,0.0463
2023-05-30,7558.7,7622.7,7710.6,7478.7,24130000.0,-0.0053
2023-05-31,7494.7,7558.7,7598.7,7478.7,19590000.0,-0.0085
2023-06-01,7806.6,7518.7,7838.6,7494.7,22490000.0,0.0416
2023-06-02,7974.6,7886.6,8078.6,7886.6,29400000.0,0.0215
2023-06-05,7974.6,8078.6,8198.6,7910.6,28900000.0,0.0
2023-06-06,8358.5,7974.6,8358.5,7934.6,25820000.0,0.0481
2023-06-07,8638.5,8398.5,8638.5,8198.6,19970000.0,0.0335
2023-06-08,8558.5,8598.5,9038.4,8558.5,39820000.0,-0.009300000000000001
2023-06-09,8958.4,8638.5,8958.4,8558.5,28120000.0,0.0467
2023-06-12,8798.5,9038.4,9078.4,8678.5,18280000.0,-0.0178
2023-06-13,8718.5,8878.4,8998.4,8718.5,20200000.0,-0.0091
2023-06-14,8478.5,8758.5,8838.4,8478.5,21290000.0,-0.0275
2023-06-15,8518.5,8478.5,8558.5,8318.5,18890000.0,0.004699999999999999
2023-06-16,8718.5,8758.5,9078.4,8678.5,37990000.0,0.0235
2023-06-19,8718.5,8758.5,8878.4,8638.5,16270000.0,0.0
2023-06-20,8838.4,8718.5,8838.4,8558.5,13330000.0,0.0138
2023-06-21,9278.4,8918.4,9318.4,8838.4,26610000.0,0.049800000000000004
2023-06-22,9438.3,9398.3,9438.3,9198.4,16610000.0,0.0172
2023-06-23,9758.3,9478.3,9918.3,9358.4,24840000.0,0.0339
2023-06-26,9198.4,9598.3,9678.3,9078.4,85700000.0,-0.0574
2023-06-27,8878.4,9318.4,9318.4,8718.5,29700000.0,-0.0348
2023-06-28,8958.4,8878.4,9158.4,8678.5,20650000.0,0.009000000000000001
2023-06-29,8558.5,8958.4,8958.4,8518.5,20300000.0,-0.0446
2023-06-30,8638.5,8478.5,8678.5,8478.5,15270000.0,0.009300000000000001
2023-07-03,8758.5,8718.5,8838.4,8598.5,10000000.0,0.0139
2023-07-04,9198.4,8758.5,9238.4,8718.5,24250000.0,0.050199999999999995
2023-07-05,9198.4,9278.4,9398.3,9158.4,27290000.0,0.0
2023-07-06,8958.4,9078.4,9238.4,8718.5,25420000.0,-0.026099999999999998
2023-07-07,9078.4,8718.5,9118.4,8558.5,30840000.0,0.0134
2023-07-10,9238.4,9198.4,9278.4,9078.4,23190000.0,0.0176
2023-07-11,9198.4,9318.4,9478.3,9198.4,24600000.0,-0.0043
2023-07-12,9078.4,9198.4,9318.4,9038.4,15590000.0,-0.013000000000000001
2023-07-13,9358.4,9198.4,9398.3,9158.4,18030000.0,0.0308
2023-07-14,9998.2,9518.3,9998.2,9398.3,52790000.0,0.0684
2023-07-17,10238.2,10358.2,10518.2,10118.2,33420000.0,0.024
2023-07-18,10318.2,10318.2,10318.2,9998.2,17340000.0,0.0078000000000000005
2023-07-19,10478.2,10478.2,10918.1,10318.2,43130000.0,0.0155
2023-07-20,10838.1,10598.1,10878.1,10438.2,26630000.0,0.034300000000000004
2023-07-21,11198.0,11158.0,11358.0,10998.1,30500000.0,0.0332
2023-07-24,11398.0,11358.0,11398.0,10998.1,24170000.0,0.0179
2023-07-25,11198.0,11398.0,11438.0,11078.1,20300000.0,-0.0175
2023-07-26,11518.0,11198.0,11518.0,10998.1,22910000.0,0.0286
2023-07-27,11558.0,11717.9,11757.9,11278.0,24360000.0,0.0034999999999999996
2023-07-28,12157.9,11518.0,12157.9,11478.0,41840000.0,0.0519
2023-07-31,12557.8,12397.8,12557.8,12157.9,36430000.0,0.0329
2023-08-01,12237.9,12797.8,12797.8,12117.9,34260000.0,-0.0255
2023-08-02,13077.7,12157.9,13077.7,12077.9,37130000.0,0.06860000000000001
2023-08-03,13477.6,13077.7,13637.6,12917.7,47370000.0,0.030600000000000002
2023-08-04,13397.6,13597.6,13597.6,13197.7,26830000.0,-0.0059
2023-08-07,13517.6,13597.6,13717.6,13357.7,28580000.0,0.009000000000000001
2023-08-08,12877.7,13637.6,13637.6,12877.7,32490000.000000004,-0.0473
2023-08-09,12997.7,12837.7,13197.7,12637.8,28770000.0,0.009300000000000001
2023-08-10,12837.7,13117.7,13117.7,12637.8,27150000.0,-0.0123
2023-08-11,12957.7,12957.7,12957.7,12437.8,24620000.0,0.009300000000000001
2023-08-14,13597.6,13117.7,13597.6,12957.7,51070000.0,0.049400000000000006
2023-08-15,13717.6,13677.6,13717.6,13277.7,37640000.0,0.0088
2023-08-16,14597.4,13597.6,14597.4,13477.6,54350000.0,0.0641
2023-08-17,14557.4,14677.4,14957.4,14437.5,38500000.0,-0.0027
2023-08-18,13557.6,14277.5,14397.5,13557.6,46310000.0,-0.0687
2023-08-21,13117.7,13437.6,13517.6,12637.8,50630000.0,-0.032400000000000005
2023-08-22,13597.6,13277.7,13597.6,12237.9,52190000.0,0.0366
2023-08-23,13357.7,13837.6,13877.6,13197.7,32590000.000000004,-0.0176
2023-08-24,14277.5,13517.6,14277.5,13277.7,48400000.0,0.0689
2023-08-25,14557.4,14277.5,14637.4,14037.5,53060000.0,0.0196
2023-08-28,14997.4,14637.4,14997.4,14557.4,40190000.0,0.0302
2023-08-29,14997.4,15197.3,15197.3,14477.5,47540000.0,0.0
2023-08-30,15557.3,14997.4,15597.3,14637.4,47480000.0,0.0373
2023-08-31,15837.2,15597.3,15837.2,15357.3,41280000.0,0.018000000000000002
2023-09-05,15717.2,15957.2,15957.2,15597.3,39230000.0,-0.0076
2023-09-06,16077.2,15717.2,16317.1,15397.3,53400000.0,0.0229
2023-09-07,15917.2,16157.2,16157.2,15757.2,39330000.0,-0.01
2023-09-08,15837.2,15797.2,16117.2,15757.2,32869999.999999996,-0.005
2023-09-11,15437.3,15957.2,16077.2,15437.3,56130000.0,-0.0253
2023-09-12,16477.1,15477.3,16477.1,15317.3,47710000.0,0.0674
2023-09-13,15997.2,16477.1,16597.1,15797.2,47580000.0,-0.0291
2023-09-14,15437.3,15997.2,16077.2,15317.3,50530000.0,-0.035
2023-09-15,15677.2,15597.3,15717.2,15037.4,42990000.0,0.0155
2023-09-18,15237.3,15517.3,15677.2,15117.3,38560000.0,-0.0281
2023-09-19,15037.4,15397.3,15437.3,14557.4,48270000.0,-0.0131
2023-09-20,15797.2,15117.3,15837.2,14957.4,33100000.0,0.050499999999999996
2023-09-21,15237.3,15797.2,15797.2,15157.3,39300000.0,-0.0354
2023-09-22,14197.5,14677.4,14797.4,14197.5,80830000.0,-0.0682
2023-09-25,13237.7,13957.5,14237.5,13237.7,48460000.0,-0.0676
2023-09-26,12557.8,12797.8,13757.6,12397.8,70120000.0,-0.051399999999999994
2023-09-27,13237.7,12637.8,13237.7,11837.9,59800000.0,0.0541
2023-09-28,12717.8,13157.7,13157.7,12557.8,39230000.0,-0.0393
2023-09-29,12597.8,12917.7,13077.7,12557.8,25830000.0,-0.009399999999999999
2023-10-02,12797.8,12637.8,13197.7,12517.8,38110000.0,0.0159
2023-10-03,11917.9,12517.8,12637.8,11917.9,46440000.0,-0.0688
2023-10-04,12117.9,11238.0,12557.8,11238.0,56210000.0,0.0168
2023-10-05,11358.0,12197.9,12357.8,11358.0,28980000.0,-0.06269999999999999
2023-10-06,12117.9,11318.0,12117.9,11318.0,47290000.0,0.0669
2023-10-09,12357.8,12197.9,12437.8,12037.9,31650000.0,0.019799999999999998
2023-10-10,12437.8,12557.8,12917.7,12397.8,39610000.0,0.006500000000000001
2023-10-11,12837.7,12477.8,12837.7,12237.9,28310000.0,0.0322
2023-10-12,12717.8,13037.7,13037.7,12597.8,25950000.0,-0.009300000000000001
2023-10-13,12557.8,12397.8,12837.7,12197.9,34200000.0,-0.0126
2023-10-16,12237.9,12557.8,12677.8,12237.9,24050000.0,-0.0255
2023-10-17,11438.0,12397.8,12637.8,11438.0,27370000.0,-0.0654
2023-10-18,11877.9,11757.9,12237.9,11438.0,61070000.0,0.0385
2023-10-19,11518.0,11957.9,12117.9,11478.0,29670000.0,-0.030299999999999997
2023-10-20,11997.9,11558.0,12077.9,11038.1,34970000.0,0.0417
2023-10-23,11518.0,11997.9,12077.9,11438.0,26210000.0,-0.04
2023-10-24,11757.9,11677.9,11837.9,11478.0,22350000.0,0.0208
2023-10-25,11717.9,11837.9,12197.9,11677.9,31130000.0,-0.0034000000000000002
2023-10-26,10918.1,11398.0,11438.0,10918.1,58090000.0,-0.0683
2023-10-27,10878.1,11198.0,11198.0,10318.2,40510000.0,-0.0037
2023-10-30,10118.2,10638.1,10838.1,10118.2,26540000.0,-0.0699
2023-10-31,9638.3,10078.2,10398.2,9438.3,45030000.0,-0.047400000000000005
2023-11-01,10238.2,9798.3,10238.2,9518.3,48630000.0,0.0622
2023-11-02,10918.1,10558.1,10918.1,10438.2,42740000.0,0.0664
2023-11-03,10918.1,11038.1,11278.0,10718.1,49470000.0,0.0
2023-11-06,11078.1,11078.1,11118.0,10798.1,33220000.0,0.0147
2023-11-07,10918.1,10918.1,11278.0,10798.1,36920000.0,-0.0144
2023-11-08,11677.9,10918.1,11677.9,10838.1,58490000.0,0.0696
2023-11-09,12477.8,12117.9,12477.8,11997.9,77130000.0,0.06849999999999999
2023-11-10,12597.8,12317.8,13157.7,12277.8,70290000.0,0.0096
2023-11-13,12757.8,12757.8,12957.7,12197.9,56660000.0,0.0127
2023-11-14,12917.7,13117.7,13357.7,12797.8,43640000.0,0.0125
2023-11-15,13077.7,13477.6,13517.6,12877.7,50240000.0,0.0124
2023-11-16,13437.6,12917.7,13437.6,12837.7,44310000.0,0.0275
2023-11-17,12957.7,13437.6,13637.6,12797.8,76560000.0,-0.035699999999999996
2023-11-20,13517.6,12637.8,13597.6,12637.8,61430000.0,0.0432
2023-11-21,13597.6,13677.6,13797.6,13397.6,36730000.0,0.0059
2023-11-22,13757.6,13597.6,13837.6,13397.6,53450000.0,0.0118
2023-11-23,12797.8,13917.6,13997.5,12797.8,56520000.0,-0.0698
2023-11-24,13277.7,13037.7,13277.7,12477.8,71090000.0,0.0375
2023-11-27,12877.7,13277.7,13277.7,12837.7,27630000.0,-0.0301
2023-11-28,12997.7,12877.7,13037.7,12397.8,44470000.0,0.009300000000000001
2023-11-29,13157.7,13117.7,13237.7,12957.7,30070000.0,0.0123
2023-11-30,13117.7,13077.7,13517.6,13077.7,48270000.0,-0.003
2023-12-01,13357.7,13277.7,13477.6,13037.7,36780000.0,0.0183
2023-12-04,14237.5,13717.6,14277.5,13677.6,86060000.0,0.0659
2023-12-05,14157.5,14237.5,14357.5,14077.5,40040000.0,-0.005600000000000001
2023-12-06,14437.5,14157.5,14517.5,14077.5,36740000.0,0.019799999999999998
2023-12-07,13957.5,14437.5,14477.5,13597.6,92370000.0,-0.0332
2023-12-08,13757.6,13997.5,14077.5,13597.6,29860000.0,-0.0143
2023-12-11,13677.6,13597.6,13837.6,13277.7,51430000.0,-0.0058
2023-12-12,13677.6,13757.6,13877.6,13637.6,15740000.0,0.0
2023-12-13,13277.7,13837.6,13877.6,13277.7,35280000.0,-0.0292
2023-12-14,13157.7,13477.6,13517.6,13117.7,30100000.0,-0.009000000000000001
2023-12-15,13197.7,13117.7,13517.6,13037.7,30050000.0,0.003
2023-12-18,13117.7,13277.7,13317.7,13077.7,15840000.0,-0.0060999999999999995
2023-12-19,13437.6,13117.7,13437.6,13077.7,20500000.0,0.024399999999999998
2023-12-20,13557.6,13517.6,13717.6,13357.7,21860000.0,0.0089
2023-12-21,13477.6,13357.7,13517.6,13357.7,12530000.0,-0.0059
2023-12-22,13357.7,13517.6,13717.6,13317.7,24530000.0,-0.0089
2023-12-25,13517.6,13397.6,13677.6,13277.7,24310000.0,0.012
2023-12-26,13677.6,13637.6,13757.6,13557.6,19210000.0,0.0118
2023-12-27,13677.6,13757.6,13957.5,13677.6,24900000.0,0.0
2023-12-28,13677.6,13637.6,13837.6,13597.6,21370000.0,0.0
2023-12-29,13677.6,13757.6,13797.6,13637.6,16370000.000000002,0.0
2024-01-02,13117.7,13837.6,13877.6,12917.7,64690000.0,-0.0409
2024-01-03,13317.7,13077.7,13317.7,13077.7,17090000.0,0.0152
2024-01-04,13397.6,13357.7,13797.6,13357.7,39570000.0,0.006
2024-01-05,13397.6,13517.6,13517.6,13277.7,15990000.0,0.0
2024-01-08,13517.6,13517.6,13717.6,13397.6,25260000.0,0.009000000000000001
2024-01-09,13557.6,13637.6,13837.6,13517.6,32130000.000000004,0.003
2024-01-10,13357.7,13557.6,13597.6,13277.7,23390000.0,-0.0147
2024-01-11,13757.6,13517.6,13837.6,13437.6,53150000.0,0.029900000000000003
2024-01-12,13557.6,13637.6,13877.6,13477.6,45800000.0,-0.014499999999999999
2024-01-15,13357.7,13677.6,13757.6,13357.7,26610000.0,-0.0147
2024-01-16,13637.6,13317.7,13637.6,13277.7,21560000.0,0.021
2024-01-17,13957.5,13717.6,14357.5,13637.6,66040000.00000001,0.0235
2024-01-18,13957.5,13997.5,14157.5,13877.6,24090000.0,0.0
2024-01-19,13877.6,14237.5,14317.5,13837.6,33540000.0,-0.005699999999999999
2024-01-22,13877.6,13997.5,14077.5,13637.6,28770000.0,0.0
2024-01-23,13877.6,13917.6,13997.5,13837.6,20830000.0,0.0
2024-01-24,13917.6,13877.6,14157.5,13877.6,30500000.0,0.0029
2024-01-25,13877.6,14037.5,14037.5,13877.6,12460000.0,-0.0029
2024-01-26,13877.6,13877.6,13997.5,13837.6,17480000.0,0.0
2024-01-29,13797.6,13917.6,14037.5,13797.6,18440000.0,-0.0058
2024-01-30,13917.6,13797.6,13917.6,13677.6,17740000.0,0.0087
2024-01-31,13957.5,13957.5,14317.5,13917.6,46630000.0,0.0029
2024-02-01,13917.6,13997.5,14037.5,13877.6,15090000.0,-0.0029
2024-02-02,14157.5,14037.5,14397.5,13957.5,48790000.0,0.0172
2024-02-05,14237.5,14197.5,14317.5,14117.5,19450000.0,0.005699999999999999
2024-02-06,14397.5,14317.5,14637.4,14277.5,31920000.0,0.011200000000000002
2024-02-07,14477.5,14477.5,14597.4,14277.5,20180000.0,0.005600000000000001
2024-02-15,14277.5,14557.4,14597.4,14237.5,30770000.0,-0.0138
2024-02-16,14357.5,14277.5,14517.5,14237.5,27370000.0,0.005600000000000001
2024-02-19,14317.5,14357.5,14397.5,13997.5,34180000.0,-0.0028000000000000004
2024-02-20,14637.4,14397.5,14957.4,14397.5,61790000.0,0.0223
2024-02-21,14677.4,14677.4,14797.4,14517.5,30870000.0,0.0027
2024-02-22,14437.5,14637.4,14717.4,14437.5,18980000.0,-0.0163
2024-02-23,13997.5,14557.4,14557.4,13957.5,46570000.0,-0.0305
2024-02-26,14357.5,13957.5,14517.5,13837.6,31190000.0,0.025699999999999997
2024-02-27,14477.5,14477.5,14757.4,14317.5,27610000.0,0.0084
2024-02-28,14517.5,14557.4,14757.4,14397.5,35180000.0,0.0028000000000000004
2024-02-29,14637.4,14637.4,15037.4,14517.5,45630000.0,0.0083
2024-03-01,15117.3,14677.4,15157.3,14677.4,48000000.0,0.032799999999999996
2024-03-04,15117.3,15437.3,15477.3,15037.4,31640000.0,0.0
2024-03-05,15277.3,15157.3,15317.3,14877.4,37340000.0,0.0106
2024-03-06,14957.4,15317.3,15437.3,14837.4,35650000.0,-0.0209
2024-03-07,15837.2,14957.4,15997.2,14917.4,78920000.0,0.0588
2024-03-08,15557.3,15957.2,16117.2,15517.3,48170000.0,-0.0177
2024-03-11,15517.3,15557.3,15717.2,15037.4,42560000.0,-0.0026
2024-03-12,15037.4,15317.3,15397.3,14957.4,42900000.0,-0.030899999999999997
2024-03-13,16077.2,15077.4,16077.2,15077.4,46620000.0,0.0691
2024-03-14,16637.1,16117.2,17157.0,15997.2,58540000.0,0.0348
2024-03-15,16637.1,16637.1,16957.0,16197.2,31750000.0,0.0
2024-03-18,15797.2,16797.1,16957.0,15477.3,78420000.0,-0.050499999999999996
2024-03-19,15437.3,15957.2,15957.2,15437.3,29900000.0,-0.022799999999999997
2024-03-20,15997.2,15517.3,15997.2,15357.3,36040000.0,0.0363
2024-03-21,16117.2,16437.1,16477.1,15957.2,41020000.0,0.0075
2024-03-22,16117.2,16317.1,16557.1,15917.2,49220000.0,0.0
2024-03-25,16157.2,16557.1,16557.1,15997.2,50060000.0,0.0025
2024-03-26,16757.1,16157.2,16757.1,15837.2,44830000.0,0.0371
2024-03-27,16797.1,17077.0,17077.0,16557.1,33080000.0,0.0024
2024-03-28,16797.1,16997.0,16997.0,16597.1,36420000.0,0.0
2024-03-29,16437.1,16797.1,16797.1,16397.1,36530000.0,-0.021400000000000002
2024-04-01,16437.1,16357.1,16637.1,16077.2,39780000.0,0.0
2024-04-02,16757.1,16397.1,16757.1,16117.2,32340000.000000004,0.0195
2024-04-03,16397.1,16797.1,17117.0,16397.1,53060000.0,-0.0215
2024-04-04,16077.2,16437.1,16477.1,15997.2,38340000.0,-0.0195
2024-04-05,15437.3,15837.2,15877.2,15437.3,64410000.0,-0.0398
2024-04-08,15157.3,15557.3,15557.3,15157.3,42440000.0,-0.0181
2024-04-09,15717.2,15277.3,15717.2,15157.3,34510000.0,0.0369
2024-04-10,15357.3,15717.2,15717.2,15357.3,21840000.0,-0.0229
2024-04-11,15317.3,15157.3,15477.3,15117.3,33110000.0,-0.0026
2024-04-12,15597.3,15517.3,15757.2,15357.3,28500000.0,0.0183
2024-04-15,14517.5,15557.3,15797.2,14517.5,54850000.0,-0.0692
2024-04-16,14277.5,14477.5,14557.4,13557.6,78140000.0,-0.0165
2024-04-17,13597.6,14397.5,14437.5,13597.6,40390000.0,-0.047599999999999996
2024-04-19,13037.7,13277.7,13757.6,12797.8,59280000.0,-0.0412
2024-04-22,13717.6,13477.6,13917.6,13317.7,34920000.0,0.0521
2024-04-23,13237.7,13717.6,13757.6,13157.7,26130000.0,-0.035
2024-04-24,13797.6,13517.6,13917.6,13397.6,32960000.0,0.042300000000000004
2024-04-25,13677.6,13717.6,13757.6,13517.6,18950000.0,-0.0087
2024-04-26,13477.6,13357.7,13677.6,13357.7,20580000.0,-0.0146
2024-05-02,13397.6,13477.6,13557.6,13277.7,14390000.0,-0.0059
2024-05-03,13437.6,13597.6,13677.6,13357.7,18020000.0,0.003
2024-05-06,14077.5,13597.6,14117.5,13517.6,35830000.0,0.047599999999999996
2024-05-07,13997.5,14077.5,14117.5,13877.6,18330000.0,-0.005699999999999999
2024-05-08,13997.5,13837.6,14197.5,13717.6,28710000.0,0.0
2024-05-09,13797.6,14077.5,14157.5,13757.6,21570000.0,-0.0143
2024-05-10,14037.5,13917.6,14077.5,13717.6,23090000.0,0.0174
2024-05-13,14037.5,14077.5,14237.5,13917.6,22130000.0,0.0
2024-05-14,13997.5,14077.5,14197.5,13957.5,12480000.0,-0.0028000000000000004
2024-05-15,14277.5,13997.5,14517.5,13997.5,34830000.0,0.02
2024-05-16,14517.5,14477.5,14677.4,14397.5,33940000.0,0.0168
2024-05-17,14597.4,14557.4,14757.4,14437.5,26010000.0,0.0055000000000000005
2024-05-20,14597.4,14797.4,14877.4,14597.4,27730000.0,0.0
2024-05-21,14637.4,14597.4,14717.4,14357.5,25980000.0,0.0027
2024-05-22,14557.4,14677.4,14997.4,14477.5,35590000.0,-0.0055000000000000005
2024-05-23,14717.4,14517.5,14717.4,14117.5,36420000.0,0.011000000000000001
2024-05-24,14157.5,14517.5,14597.4,13957.5,43420000.0,-0.038
2024-05-27,14317.5,14157.5,14357.5,13997.5,14600000.0,0.0113
2024-05-28,14517.5,14397.5,14557.4,14317.5,18970000.0,0.013999999999999999
2024-05-29,14397.5,14517.5,14717.4,14317.5,23520000.0,-0.0083
2024-05-30,14317.5,14197.5,14437.5,14037.5,27440000.0,-0.005600000000000001
2024-05-31,14397.5,14317.5,14597.4,14317.5,21090000.0,0.005600000000000001
2024-06-03,14677.4,14557.4,14797.4,14557.4,29180000.0,0.0194
2024-06-04,14597.4,14717.4,14917.4,14597.4,22060000.0,-0.0055000000000000005
2024-06-05,14517.5,14717.4,14797.4,14517.5,16590000.0,-0.0055000000000000005
2024-06-06,14477.5,14557.4,14677.4,14397.5,14580000.0,-0.0028000000000000004
2024-06-07,14437.5,14557.4,14597.4,14437.5,15290000.0,-0.0028000000000000004
2024-06-10,14597.4,14517.5,14757.4,14477.5,18130000.0,0.0111
2024-06-11,14677.4,14677.4,14717.4,14477.5,21370000.0,0.0055000000000000005
2024-06-12,15237.3,14757.4,15397.3,14717.4,63190000.0,0.0381
2024-06-13,15117.3,15357.3,15397.3,15117.3,18960000.0,-0.0079
2024-06-14,14557.4,15237.3,15357.3,14557.4,40330000.0,-0.037000000000000005
2024-06-17,14557.4,14557.4,14717.4,14437.5,21420000.0,0.0
2024-06-18,14557.4,14677.4,14757.4,14517.5,16780000.0,0.0
2024-06-19,14437.5,14557.4,14637.4,14397.5,19690000.0,-0.008199999999999999
2024-06-20,14077.5,14517.5,14517.5,14077.5,28680000.0,-0.024900000000000002
2024-06-21,13997.5,14117.5,14237.5,13997.5,19080000.0,-0.005699999999999999
2024-06-24,13357.7,13997.5,14077.5,13277.7,41500000.0,-0.045700000000000005
2024-06-25,13437.6,13437.6,13557.6,13317.7,13510000.0,0.006
2024-06-26,13437.6,13437.6,13637.6,13357.7,9740000.0,0.0
2024-06-27,13437.6,13437.6,13557.6,13317.7,8940000.0,0.0
2024-06-28,13117.7,13437.6,13517.6,12957.7,19000000.0,-0.023799999999999998
2024-07-01,13277.7,13197.7,13317.7,12997.7,8010000.0,0.012199999999999999
2024-07-02,13477.6,13357.7,13477.6,13317.7,6830000.0,0.0151
2024-07-03,13637.6,13477.6,13717.6,13477.6,9870000.0,0.011899999999999999
2024-07-04,13557.6,13677.6,13837.6,13517.6,7770000.0,-0.0059
2024-07-05,13437.6,13597.6,13597.6,13357.7,8450000.0,-0.0089
2024-07-08,13437.6,13557.6,13637.6,13397.6,8050000.000000001,0.0
2024-07-09,13797.6,13437.6,13837.6,13437.6,16260000.000000002,0.0268
2024-07-10,13597.6,13797.6,13837.6,13597.6,7620000.0,-0.014499999999999999
2024-07-11,13757.6,13717.6,13837.6,13637.6,12050000.0,0.0118
2024-07-12,13477.6,13797.6,13837.6,13477.6,11830000.0,-0.0204
2024-07-15,13477.6,13557.6,13597.6,13437.6,6860000.0,0.0
2024-07-16,13517.6,13557.6,13757.6,13477.6,10620000.0,0.003
2024-07-17,13277.7,13677.6,13757.6,13157.7,17510000.0,-0.0177
2024-07-18,13557.6,13357.7,13557.6,13117.7,9960000.0,0.021099999999999997
2024-07-19,12637.8,13477.6,13517.6,12637.8,69040000.0,-0.0678
2024-07-22,11797.9,12317.8,12437.8,11797.9,34470000.0,-0.0665
2024-07-23,11158.0,11957.9,11997.9,11118.0,39310000.0,-0.0542
2024-07-24,11598.0,10838.1,11638.0,10838.1,23280000.0,0.0394
2024-07-25,11238.0,11598.0,11598.0,11198.0,11490000.0,-0.031
2024-07-26,11038.1,11358.0,11358.0,10918.1,25300000.0,-0.0178
2024-07-29,11118.0,11118.0,11358.0,11078.1,27540000.0,0.0072
2024-07-30,10558.1,11118.0,11118.0,10558.1,49950000.0,-0.0504
2024-07-31,11250.0,11250.0,11250.0,11100.0,28660000.0,0.0655
2024-08-01,11150.0,11550.0,11550.0,10900.0,32790000.0,-0.0089
2024-08-02,11500.0,11100.0,11550.0,11000.0,24820000.0,0.031400000000000004
2024-08-05,10850.0,11150.0,11500.0,10750.0,24600000.0,-0.0565
2024-08-06,11150.0,11150.0,11250.0,10850.0,15200000.0,0.0276
2024-08-07,11150.0,11250.0,11250.0,10950.0,11780000.0,0.0
2024-08-08,11100.0,11000.0,11350.0,11000.0,11730000.0,-0.0045000000000000005
2024-08-09,11350.0,11300.0,11450.0,11150.0,21620000.0,0.0225
2024-08-12,11500.0,11400.0,11500.0,11300.0,13020000.0,0.0132
2024-08-13,11350.0,11500.0,11500.0,11150.0,15170000.0,-0.013000000000000001
2024-08-14,11100.0,11450.0,11450.0,11050.0,17980000.0,-0.022000000000000002
2024-08-15,11200.0,11150.0,11200.0,10900.0,15150000.0,0.009000000000000001
2024-08-16,11950.0,11250.0,11950.0,11200.0,55170000.0,0.067
2024-08-19,12000.0,12200.0,12250.0,11850.0,25140000.0,0.0042
2024-08-20,12150.0,12000.0,12350.0,11750.0,37740000.0,0.0125
2024-08-21,12250.0,12100.0,12250.0,11950.0,22600000.0,0.008199999999999999
2024-08-22,12150.0,12250.0,12250.0,12050.0,18600000.0,-0.008199999999999999
2024-08-23,12150.0,12150.0,12250.0,11900.0,28510000.0,0.0
2024-08-26,12150.0,12300.0,12400.0,12050.0,31270000.0,0.0
2024-08-27,11900.0,12100.0,12150.0,11800.0,26440000.0,-0.0206
2024-08-28,12050.0,11950.0,12050.0,11650.0,36320000.0,0.0126
2024-08-29,12150.0,12100.0,12350.0,11900.0,54520000.0,0.0083
2024-08-30,12150.0,12200.0,12200.0,11900.0,40940000.0,0.0
2024-09-04,12000.0,11900.0,12100.0,11850.0,20350000.0,-0.0123
2024-09-05,11900.0,12150.0,12200.0,11800.0,20040000.0,-0.0083
2024-09-06,11800.0,11900.0,11950.0,11650.0,17920000.0,-0.0084
2024-09-09,11650.0,11800.0,11800.0,11550.0,14060000.0,-0.0127
2024-09-10,11350.0,11800.0,11800.0,11250.0,21330000.0,-0.0258
2024-09-11,11300.0,11350.0,11500.0,11150.0,14810000.0,-0.0044
2024-09-12,11250.0,11500.0,11550.0,11250.0,8020000.0,-0.0044
2024-09-13,11300.0,11400.0,11500.0,11250.0,11840000.0,0.0044
2024-09-16,11050.0,11400.0,11400.0,11050.0,12150000.0,-0.022099999999999998
2024-09-17,11300.0,11050.0,11300.0,11050.0,10040000.0,0.0226
2024-09-18,11350.0,11350.0,11600.0,11300.0,15520000.0,0.0044
2024-09-19,11400.0,11450.0,11500.0,11300.0,8369999.999999999,0.0044
2024-09-20,11250.0,11500.0,11600.0,11250.0,34790000.0,-0.0132
2024-09-23,11350.0,11400.0,11450.0,11300.0,9290000.0,0.0089
2024-09-24,11400.0,11400.0,11450.0,11300.0,7780000.0,0.0044
2024-09-25,12000.0,11450.0,12000.0,11450.0,39870000.0,0.0526
2024-09-26,11950.0,12050.0,12100.0,11900.0,19670000.0,-0.0042
2024-09-27,11900.0,12000.0,12150.0,11850.0,23210000.0,-0.0042
2024-09-30,12000.0,11950.0,12200.0,11800.0,23710000.0,0.0084
2024-10-01,12350.0,12100.0,12650.0,12000.0,50100000.0,0.0292
2024-10-02,12200.0,12300.0,12400.0,12150.0,21610000.0,-0.0121
2024-10-03,11850.0,12300.0,12350.0,11700.0,36110000.0,-0.0287
2024-10-04,11800.0,11850.0,11950.0,11750.0,14100000.0,-0.0042
2024-10-07,11850.0,11850.0,11950.0,11700.0,11840000.0,0.0042
2024-10-08,12000.0,11850.0,12150.0,11700.0,27950000.0,0.0127
2024-10-09,12050.0,12050.0,12200.0,11900.0,18930000.0,0.0042
2024-10-10,11850.0,12150.0,12200.0,11750.0,27570000.0,-0.0166
2024-10-11,11900.0,11850.0,11900.0,11800.0,12860000.0,0.0042
2024-10-14,11500.0,11950.0,12050.0,11400.0,47400000.0,-0.0336
2024-10-15,11300.0,11500.0,11600.0,11300.0,19080000.0,-0.0174
2024-10-16,11300.0,11350.0,11500.0,11200.0,20850000.0,0.0
2024-10-17,11450.0,11350.0,11450.0,11150.0,16469999.999999998,0.013300000000000001
2024-10-18,11400.0,11600.0,11600.0,11400.0,8810000.0,-0.0044
2024-10-21,11550.0,11400.0,11800.0,11300.0,29170000.0,0.0132
2024-10-22,11500.0,11550.0,11700.0,11400.0,14410000.0,-0.0043
2024-10-23,11450.0,11500.0,11550.0,11400.0,8940000.0,-0.0043
2024-10-24,11250.0,11450.0,11450.0,11250.0,15050000.0,-0.0175
2024-10-25,11100.0,11350.0,11350.0,11100.0,11380000.0,-0.013300000000000001
2024-10-28,10950.0,11000.0,11100.0,10900.0,32909999.999999996,-0.013500000000000002
2024-10-29,11000.0,11000.0,11150.0,10950.0,14650000.0,0.0046
2024-10-30,10850.0,11000.0,11050.0,10800.0,14320000.0,-0.013600000000000001
2024-10-31,10950.0,10900.0,11000.0,10800.0,13710000.0,0.0092
2024-11-01,10750.0,10900.0,10950.0,10750.0,11100000.0,-0.0183
2024-11-04,10750.0,10850.0,10850.0,10500.0,25140000.0,0.0
2024-11-05,10600.0,10750.0,10850.0,10600.0,9900000.0,-0.013999999999999999
2024-11-06,10800.0,10700.0,10850.0,10600.0,15270000.0,0.0189
2024-11-07,10750.0,10900.0,10950.0,10750.0,11310000.0,-0.0046
2024-11-08,10650.0,10800.0,10850.0,10650.0,10130000.0,-0.009300000000000001
2024-11-11,10500.0,10650.0,10700.0,10450.0,18360000.0,-0.0141
2024-11-12,10400.0,10550.0,10650.0,10350.0,16100000.000000002,-0.0095
2024-11-13,10150.0,10350.0,10400.0,10000.0,37980000.0,-0.024
2024-11-14,9920.0,10100.0,10200.0,9900.0,20730000.0,-0.0227
2024-11-15,9700.0,9910.0,10000.0,9600.0,29350000.0,-0.0222
2024-11-18,9900.0,9650.0,10100.0,9650.0,24070000.0,0.0206
2024-11-19,9580.0,9900.0,9970.0,9580.0,14860000.0,-0.0323
2024-11-20,9680.0,9580.0,9840.0,9440.0,20070000.0,0.0104
2024-11-21,9870.0,9700.0,9880.0,9680.0,12210000.0,0.0196
2024-11-22,9720.0,9860.0,9880.0,9720.0,13560000.0,-0.0152
2024-11-25,9830.0,9720.0,9890.0,9720.0,13240000.0,0.0113
2024-11-26,10100.0,9830.0,10250.0,9830.0,24990000.0,0.0275
2024-11-27,10050.0,10150.0,10200.0,10000.0,8480000.0,-0.005
2024-11-28,10000.0,10150.0,10200.0,10000.0,11560000.0,-0.005
2024-11-29,10050.0,10000.0,10200.0,9980.0,15920000.0,0.005
2024-12-02,10050.0,10150.0,10200.0,10000.0,8430000.0,0.0
2024-12-03,9880.0,10000.0,10100.0,9880.0,20590000.0,-0.0169
2024-12-04,9710.0,9880.0,9930.0,9710.0,15770000.0,-0.0172
2024-12-05,10350.0,9750.0,10350.0,9610.0,36630000.0,0.0659
2024-12-06,10200.0,10400.0,10500.0,10200.0,24870000.0,-0.014499999999999999
2024-12-09,10250.0,10250.0,10400.0,10200.0,16020000.0,0.0049
2024-12-10,10200.0,10200.0,10350.0,10200.0,12190000.0,-0.0049
2024-12-11,10150.0,10250.0,10300.0,10100.0,12130000.0,-0.0049
2024-12-12,10150.0,10150.0,10250.0,10100.0,8530000.0,0.0
2024-12-13,10050.0,10100.0,10200.0,10050.0,8830000.0,-0.009899999999999999
2024-12-16,10350.0,10050.0,10400.0,10050.0,23360000.0,0.029900000000000003
2024-12-17,10300.0,10400.0,10400.0,10300.0,13210000.0,-0.0048
2024-12-18,10350.0,10300.0,10450.0,10250.0,13450000.0,0.0049
2024-12-19,10200.0,10250.0,10300.0,10100.0,19960000.0,-0.014499999999999999
2024-12-20,10300.0,10250.0,10300.0,10100.0,28830000.0,0.0098
2024-12-23,10200.0,10300.0,10350.0,10200.0,10010000.0,-0.0097
2024-12-24,10100.0,10200.0,10250.0,10050.0,10970000.0,-0.0098
2024-12-25,10250.0,10100.0,10400.0,10100.0,14040000.0,0.0149
2024-12-26,10150.0,10250.0,10300.0,10150.0,7500000.0,-0.0098
2024-12-27,10150.0,10150.0,10250.0,10100.0,9090000.0,0.0
2024-12-30,10000.0,10150.0,10200.0,9990.0,12060000.0,-0.0148
2024-12-31,9850.0,10000.0,10050.0,9850.0,14710000.0,-0.015
2025-01-02,9940.0,9840.0,10100.0,9840.0,8590000.0,0.0091
2025-01-03,9860.0,9950.0,10000.0,9860.0,10940000.0,-0.008
2025-01-06,9600.0,9860.0,9890.0,9540.0,14300000.0,-0.0264
2025-01-07,9500.0,9650.0,9730.0,9460.0,12110000.0,-0.0104
2025-01-08,9640.0,9500.0,9690.0,9500.0,7520000.0,0.0147
2025-01-09,9560.0,9610.0,9680.0,9560.0,5550000.0,-0.0083
2025-01-10,9200.0,9560.0,9590.0,9200.0,20380000.0,-0.0377
2025-01-13,9120.0,9150.0,9240.0,9030.0,17490000.0,-0.0087
2025-01-14,9040.0,9120.0,9240.0,9040.0,10710000.0,-0.0088
2025-01-15,9250.0,9040.0,9290.0,9040.0,11080000.0,0.0232
2025-01-16,9420.0,9330.0,9800.0,9330.0,14600000.0,0.0184
2025-01-17,9470.0,9480.0,9540.0,9420.0,8460000.0,0.0053
2025-01-20,9530.0,9470.0,9600.0,9410.0,14100000.0,0.0063
2025-01-21,9580.0,9530.0,9650.0,9510.0,11190000.0,0.0052
2025-01-22,9430.0,9590.0,9670.0,9430.0,9680000.0,-0.015700000000000002
2025-01-23,9580.0,9450.0,9650.0,9430.0,13940000.0,0.0159
2025-01-24,9890.0,9600.0,10000.0,9600.0,23380000.0,0.032400000000000005
2025-02-03,9840.0,9600.0,10000.0,9600.0,11030000.0,-0.0051
2025-02-04,10150.0,9870.0,10150.0,9870.0,24070000.0,0.0315
2025-02-05,9990.0,10200.0,10200.0,9970.0,18890000.0,-0.0158
2025-02-06,10050.0,10100.0,10300.0,10000.0,23320000.0,0.006
2025-02-07,10100.0,10150.0,10150.0,10000.0,10820000.0,0.005
2025-02-10,9960.0,10050.0,10100.0,9940.0,20730000.0,-0.0139
2025-02-11,9940.0,9960.0,10000.0,9940.0,8590000.0,-0.002
2025-02-12,9980.0,9940.0,10150.0,9940.0,15570000.0,0.004
2025-02-13,10050.0,9980.0,10200.0,9960.0,17350000.0,0.006999999999999999
2025-02-14,10150.0,10100.0,10300.0,10100.0,25230000.0,0.01
2025-02-17,10750.0,10200.0,10850.0,10150.0,87800000.0,0.0591
2025-02-18,10950.0,10850.0,11150.0,10700.0,42350000.0,0.018600000000000002
2025-02-19,11200.0,11050.0,11200.0,10950.0,49090000.0,0.022799999999999997
2025-02-20,11250.0,11250.0,11450.0,11100.0,49080000.0,0.0045000000000000005
2025-02-21,11300.0,11200.0,11300.0,11100.0,29390000.0,0.0044
2025-02-24,11500.0,11250.0,11550.0,11150.0,42260000.0,0.0177
2025-02-25,11450.0,11550.0,11700.0,11400.0,51600000.0,-0.0043
2025-02-26,11450.0,11500.0,11700.0,11400.0,36950000.0,0.0
2025-02-27,11500.0,11500.0,11600.0,11200.0,39570000.0,0.0044
2025-02-28,11450.0,11500.0,11700.0,11350.0,35630000.0,-0.0043
2025-03-03,11800.0,11450.0,12000.0,11300.0,65459999.99999999,0.030600000000000002
2025-03-04,11500.0,11700.0,11850.0,11000.0,96300000.0,-0.0254
2025-03-05,11100.0,11500.0,11700.0,11100.0,59870000.0,-0.0348
2025-03-06,11850.0,11250.0,11850.0,11200.0,113120000.0,0.0676
2025-03-07,11850.0,12000.0,12150.0,11800.0,40170000.0,0.0
2025-03-10,11900.0,11900.0,12150.0,11850.0,39650000.0,0.0042
2025-03-11,11950.0,11700.0,12050.0,11550.0,46000000.0,0.0042
2025-03-12,12450.0,12000.0,12500.0,12000.0,87930000.0,0.0418
2025-03-13,12200.0,12400.0,12500.0,12100.0,41310000.0,-0.020099999999999996
2025-03-14,12300.0,12100.0,12400.0,12050.0,33570000.0,0.008199999999999999
2025-03-17,12300.0,12300.0,12450.0,12250.0,22900000.0,0.0
2025-03-18,12200.0,12450.0,12500.0,12100.0,32909999.999999996,-0.008100000000000001
2025-03-19,12100.0,12150.0,12200.0,11900.0,25780000.0,-0.008199999999999999
2025-03-20,12300.0,12150.0,12400.0,12050.0,24820000.0,0.0165
2025-03-21,12250.0,12200.0,12450.0,12200.0,28560000.0,-0.0040999999999999995
2025-03-24,12350.0,12250.0,12350.0,12100.0,25080000.0,0.008199999999999999
2025-03-25,12450.0,12450.0,12850.0,12300.0,58780000.0,0.008100000000000001
2025-03-26,12600.0,12450.0,12800.0,12400.0,53340000.0,0.012
2025-03-27,12550.0,12700.0,12750.0,12550.0,25070000.0,-0.004
2025-03-28,12550.0,12550.0,12700.0,12400.0,34010000.0,0.0
2025-03-31,12250.0,12450.0,12500.0,12250.0,27400000.0,-0.0239
2025-04-01,12500.0,12350.0,12600.0,12300.0,20160000.0,0.0204
2025-04-02,12950.0,12600.0,13100.0,12500.0,62090000.0,0.036000000000000004
2025-04-03,12050.0,12450.0,12600.0,12050.0,71170000.0,-0.0695
2025-04-04,12000.0,11250.0,12000.0,11250.0,77550000.0,-0.0040999999999999995
2025-04-08,11200.0,11600.0,11800.0,11200.0,21590000.0,-0.0667
2025-04-09,10450.0,10450.0,11050.0,10450.0,92920000.0,-0.067
2025-04-10,11150.0,11150.0,11150.0,11150.0,1230000.0,0.067
2025-04-11,11900.0,11700.0,11900.0,11300.0,72000000.0,0.0673
2025-04-14,12700.0,12050.0,12700.0,11900.0,61250000.0,0.0672
2025-04-15,12600.0,12700.0,13100.0,12250.0,51450000.0,-0.0079
2025-04-16,12450.0,12750.0,12850.0,12350.0,30520000.0,-0.011899999999999999
2025-04-17,12550.0,12300.0,12800.0,12300.0,37150000.0,0.008
2025-04-18,12700.0,12750.0,13200.0,12600.0,90240000.0,0.012
2025-04-21,12500.0,12950.0,13050.0,12300.0,42550000.0,-0.015700000000000002
2025-04-22,12200.0,12250.0,12550.0,11650.0,109290000.0,-0.024
2025-04-23,12250.0,12650.0,12700.0,12250.0,23700000.0,0.0040999999999999995
2025-04-24,12100.0,12400.0,12400.0,11850.0,42190000.0,-0.012199999999999999
2025-04-25,12000.0,12250.0,12250.0,11900.0,24850000.0,-0.0083
2025-04-28,12050.0,12150.0,12200.0,11950.0,18910000.0,0.0042
2025-04-29,11950.0,12050.0,12150.0,11950.0,17990000.0,-0.0083
2025-05-05,12450.0,12100.0,12600.0,12050.0,33790000.0,0.0418
2025-05-06,12300.0,12550.0,12650.0,12250.0,30960000.0,-0.012
2025-05-07,12150.0,12250.0,12400.0,12100.0,27040000.0,-0.012199999999999999
2025-05-08,12400.0,12250.0,12500.0,12200.0,25760000.0,0.0206
2025-05-09,12450.0,12500.0,12800.0,12400.0,38830000.0,0.004
2025-05-12,12600.0,12550.0,12650.0,12400.0,29470000.0,0.012
2025-05-13,12850.0,12900.0,13250.0,12700.0,60470000.0,0.019799999999999998
2025-05-14,12850.0,12850.0,13100.0,12700.0,37210000.0,0.0
2025-05-15,13100.0,12950.0,13150.0,12700.0,47920000.0,0.0195
2025-05-16,13050.0,13150.0,13400.0,13050.0,67960000.0,-0.0038
